app,vendor,live_gauges,custom_dashboards,hud_mirror_mode,alarms,data_logging,enhanced_diesel_pids,carplay_android_auto,subscription,canada_availability,source_url,accessed,note
OBDLink,OBD Solutions,Y,Y,Y,Y,Y (CSV),OEM add-ons; diesel EGT/DPF not stated,Not stated,Add-ons CA$19.99 each; free with MX+,Y (CA App Store),https://apps.apple.com/ca/app/id879636351,2026-10-02,Works only with OBDLink adapters
BlueDriver,Lemur Vehicle Monitors,N (multi-PID graphs; no gauge view stated),Not stated,Not stated,Not stated,Capture and share live data,"Enhanced codes (ABS/SRS/trans), not PIDs",Not stated,App free; no in-app purchases listed,Y (CA App Store),https://apps.apple.com/ca/app/id445403397,2026-10-02,Sensor $139.95 USD per https://us.bluedriver.com/products/bluedriver-scan-tool
FIXD,FIXD,Live Data feature; gauge view not stated,Not stated,Not stated,Guardian alerts (scope not stated),Premium Drive Analysis records a drive,Not stated,Not stated,Premium CA$129.99/yr; CA$17.99/mo,Y (CA App Store),https://apps.apple.com/ca/app/id957168651,2026-10-02,Weekly Premium CA$9.99 also listed
Carista,Prizmos,Live data; gauge layout not stated,Not stated,Not stated,Not stated,Not stated,Make-specific diagnostics; DPF regen service,CarPlay: basic OBD2 live data,Pro CA$19.99/mo; CA$79.99 tier,Y (CA App Store),https://apps.apple.com/ca/app/id954363569,2026-10-02,Description quotes GBP pricing
Torque Pro,Ian Hawkins,Y,Y (themes),Y,Y (voice alarms),Y (CSV/KML),Not stated,Not stated,One-time $4.95 (currency not confirmed),GAP,https://play.google.com/store/apps/details?id=org.prowl.torque&hl=en_CA&gl=CA,2026-10-02,Android only; Play page rendered outside Canada
Car Scanner ELM OBD2,Stanislav Svistunov (listed developer),Y,Y,Y,Not stated,Not stated,Custom extended PIDs; diesel not stated,Not stated (one review mentions CarPlay),Pro forever CA$9.99; 1 yr CA$6.49,Y (CA App Store),https://apps.apple.com/ca/app/id1259933623,2026-10-02,6-month Pro CA$5.49 also listed
DashCommand,"Auto Meter Products, Inc. (listed developer)",Y,Y,Not stated,Y (release notes),Y,"Make packs by in-app purchase (GM, Ford)",Not stated,Paid app CA$12.99; packs CA$12.99 each,Y (CA App Store),https://apps.apple.com/ca/app/id321293183,2026-10-02,
Innova RS2 (RepairSolutions2),Innova Electronics,N (live-data feed with line graphs),Choose data inputs; no layouts stated,Not stated,Not stated,Y (records live-data sessions),Network/module scans; diesel PIDs not stated,Not stated,App free; MOTOR report CA$19.99/mo in-app,Y (CA App Store; Android 1M+),https://apps.apple.com/ca/app/id1462864362,2026-10-02,Android: https://play.google.com/store/apps/details?id=com.innova.rs2
CarMD,CarMD.com Corporation,N (health insights; no gauge view stated),Not stated,Not stated,Vehicle health alerts,Not stated,Not stated,Not stated,Free app; no subscription,N (not on CA App Store),https://apps.apple.com/us/app/id6738333261,2026-10-02,CarMD Connect; CA URL id6738333261 returns 404; device $99.98 USD
