canonical_key,display
innova,Innova
blcktec,BLCKTEC
topdon,TOPDON
xtool,XTOOL
obdlink,OBDLink
obdeleven,OBDeleven
ancel,ANCEL
autel,Autel
launch,LAUNCH
foxwell,FOXWELL
mucar,MUCAR
thinkcar,THINKCAR
bluedriver,BlueDriver
fixd,FIXD
carista,Carista
veepeak,VEEPEAK
vgate,Vgate
motopower,MOTOPOWER
icarsoft,iCarsoft
kingbolen,KINGBOLEN
otofix,OTOFIX
scangauge,ScanGauge
edge products,Edge Products
bully dog,Bully Dog
banks power,Banks Power
aem,AEM
autometer,AutoMeter
lufi,Lufi
wiiyii,wiiyii
keenso,Keenso
konnwei,KONNWEI
generic,Generic
