"URL","Image URL","ASIN","Title","Brand","Fulfillment","Category","BSR","UPC","GTIN","EAN","ISBN","Subcategory","Subcategory BSR","Price","Price Trend (90 days) (%)","Parent Level Sales","ASIN Sales","Sales Trend (90 days) (%)","Parent Level Revenue","ASIN Revenue","Review Count","Reviews Rating","Seller","Seller Country/Region","Number of Active Sellers","Last Year Sales","Sales Year Over Year (%)","Shipping Details","Length","Width","Height","Weight","Storage Fee (Jan - Sep)","Storage Fee (Oct - Dec)","Best Sales Period","Listing Age (Months)","Number of Images","Variation Count","Sales to Reviews"
"https://amazon.com/dp/B07WFNWDXD","https://m.media-amazon.com/images/I/51I+-XcGPeL._SX450_.jpg","B07WFNWDXD","Lixada Drain Pipeline Inspection Replacement Camera Sewer Pipe Drain Inspection Camera Head Replacement for The 23mm Camera","Lixada","FBA","Industrial & Scientific",827619,"N/A","N/A","N/A","N/A","Borescopes",1379,130.99,-45,1,1,-133,157.13,157.09,24,3.4,"BOEOA","China",2,11,-8,"Large Standard-Size",1.42,6.26,6.3,0.33,28.2,77.78,"05/31/2024",80,9,0,0.05
"https://amazon.com/dp/B0BD4N11HJ","https://m.media-amazon.com/images/I/712LpBlHv7L._SX450_.jpg","B0BD4N11HJ","Autel MV105 MaxiVideo Digital Inspection Camera 5.5mm Image Head HD Video Scope with Waterproof Snake Cable Work with PC and MX808 MS906S MS906TS MK906BT MK908P MS908P MS909 MS919 MS Ultra MS Elite","Autel","FBM","Industrial & Scientific",827790,792499638474,"N/A",0792499638474,"N/A","Borescopes",1368,59.99,-24,0,0,,"-","-",2,3,"Blatt's Bargains","USA",1,7,"N/A","Large Standard-Size",2.64,5.12,9.96,0.84,"N/A","N/A","02/28/2025",43,8,0,0
"https://amazon.com/dp/B00J9RZQGS","https://m.media-amazon.com/images/I/61kHiN6ig1L._SX450_.jpg","B00J9RZQGS","Klein Tools 69455 Borescope Extension, 17 mm x 1 m","KLEIN TOOLS","Amazon","Industrial & Scientific",832250,092644694554,00092644694554,0092644694554,"N/A","Borescopes",1379,26.74,-11,2,2,,54.67,54.59,4,5,"Amazon","N/A",1,11,38,"Large Standard-Size",0.94,7.09,8.58,0.73,"N/A","N/A","08/31/2025",150,1,0,0.44
"https://amazon.com/dp/B0CSZ4CFDR","https://m.media-amazon.com/images/I/71iQxXkG+wL._SX450_.jpg","B0CSZ4CFDR","Acekool Articulating Borescope, 360 Endoscope Camera with Light,1280P Inspection Snake Camera for Borescope Automotive Engine 5.5ft Industrial Borescope","Acekool","Amazon","Industrial & Scientific",840013,198290489237,"N/A",0198290489237,"N/A","Borescopes",1397,44.06,-89,0,0,-87,"-","-",3,4.3,"Amazon","N/A",1,9,"N/A","Large Standard-Size",3.23,9.53,17.09,3.37,"N/A","N/A","11/30/2024",26,6,0,0
"https://amazon.com/dp/B0GCJWGWT9","https://m.media-amazon.com/images/I/71hVLOJU-mL._SX450_.jpg","B0GCJWGWT9","OKK Professional 100ft Sewer & Drain Inspection Camera Kit-Features a 9"" IPS Screen-1080P HD Self-Leveling Camera Head IP68 Waterproof, Built-in DVR with 32GB Card, 5100mAh Battery 7mm Cable","okk","FBA","Industrial & Scientific",840278,"N/A","N/A","N/A","N/A","Borescopes",1400,499.99,18,2,2,,999.98,999.94,2,5,"ZOZUS-DIRECT","China",1,0,"N/A","Large bulky",14,13,12,12,707.78,1769.44,"02/28/2026",3,8,2,1
"https://amazon.com/dp/B0GCKPNWTJ","https://m.media-amazon.com/images/I/71hVLOJU-mL._SX450_.jpg","B0GCKPNWTJ","OKK Professional 166ft Sewer & Drain Inspection Camera Kit-Features a 9"" IPS Screen-1080P HD Self-Leveling Camera Head IP68 Waterproof, Built-in DVR with 32GB Card, 5100mAh Battery 7mm Cable","okk","-","Industrial & Scientific",843487,"N/A","N/A","N/A","N/A","Borescopes",1402,599.99,"N/A",2,0,,999.98,"-","N/A","N/A",,"N/A",1,0,"N/A","Large bulky",13,12,12,15,"N/A","N/A","02/28/2026",3,"N/A",2,"N/A"
"https://amazon.com/dp/B0C2CBFQNB","https://m.media-amazon.com/images/I/51GP36-kdCL._SX450_.jpg","B0C2CBFQNB","USB Endoscope Camera IP67 Waterproof 6 LED Lights 5m Cable for Smartphone Inspection","FTVOGUE","FBA","Industrial & Scientific",843559,"N/A","N/A","N/A","N/A","Borescopes",1394,19.75,5,0,0,-111,"-","-","N/A","N/A","Kerindas-US","China",2,18,500,"Large Standard-Size",1.46,4.88,4.92,0.22,17.62,48.61,"01/31/2026",36,9,1,"N/A"
"https://amazon.com/dp/B0CXDVPQMX","https://m.media-amazon.com/images/I/51I18-O+AXL._SX450_.jpg","B0CXDVPQMX","17mm Sewer Camera Accessories 6 LED Lights IP68 for Pipe Drain Camera Replacement with Protective Sleeve","FTVOGUE","FBM","Industrial & Scientific",844131,"N/A","N/A","N/A","N/A","Borescopes",1402,119.88,-25,0,0,,"-","-",1,5,"Astyer-X","China",1,0,"N/A","Large Standard-Size",5.91,3.15,1.57,0.19,"N/A","N/A","05/31/2025",25,9,0,0
"https://amazon.com/dp/B07BSW3WFN","https://m.media-amazon.com/images/I/81GF3f7KYUL._SX450_.jpg","B07BSW3WFN","WGear endoscope case for Depstech Wireless, USB, Wireless Borescope, AKASO, iksee, BlueFire, Mousand, Fantronics, ROTEK, mesh pocket for side mirror, hook etc","WGear","FBM","Industrial & Scientific",844190,735317454993,"N/A",0735317454993,"N/A","Borescopes",1393,18.88,-81,0,0,-118,"-","-",17,3.8,"zippercase","Hong Kong",1,11,267,"Large Standard-Size",2.01,6.85,7.76,0.41,"N/A","N/A","12/31/2025",95,5,0,0
"https://amazon.com/dp/B08X9WQ65K","https://m.media-amazon.com/images/I/51SZJldIj3L._SX450_.jpg","B08X9WQ65K","Pipeline Inspection Camera HD Pipe Sewer Camera's Kit Replace Use for 7D1 Series from Brand Anysun","anysun","FBM","Industrial & Scientific",845147,779880273377,"N/A",0779880273377,"N/A","Borescopes",1389,179.94,-8,1,1,33,194.06,194,"N/A","N/A","Nedive","Hong Kong",1,10,150,"N/A","N/A","N/A","N/A","N/A","N/A","N/A","06/30/2025",61,1,0,"N/A"
"https://amazon.com/dp/B08HD8W26Y","https://m.media-amazon.com/images/I/61ZqbCtPjhL._SX450_.jpg","B08HD8W26Y","P40 Handheld Endoscope 1920 x 1080P Industrial Inspection Camera 4.3inch Color Display Screen Endoscope 8mm","FTVOGUE","FBA","Industrial & Scientific",847370,"N/A","N/A","N/A","N/A","Borescopes",1403,48.84,-43,0,0,,"-","-",5,4.5,"Astyer-X","China",1,5,-75,"Large Standard-Size",2.6,4.96,8.62,1.01,55.95,154.36,"06/30/2024",67,9,0,0
"https://amazon.com/dp/B0BNLP3ZR9","https://m.media-amazon.com/images/I/71o7bnOYqCL._SX450_.jpg","B0BNLP3ZR9","Wohler VE 400 HD Video Endoscope","Wohler","Amazon","Industrial & Scientific",849182,"N/A","N/A",4262383840499,"N/A","Borescopes",1405,618.82,17,0,0,-133,"-","-",2,3.4,"Amazon","N/A",1,7,-22,"Large Standard-Size",3.1,11.1,12.9,3.1,"N/A","N/A","10/31/2024",40,3,0,0
"https://amazon.com/dp/B0CNV7FGHP","https://m.media-amazon.com/images/I/71eM-L41nOL._SX450_.jpg","B0CNV7FGHP","JOSKAA Iridology Camera Iris Analyzer, 5.0 MP Iris Analysis Camera, Iridology Camera for Iris Analyzer, Left/Right/USB Lamp Analyzer with Iris Software, High Resolution 2560x1920","JOSKAA","FBM","Industrial & Scientific",851754,"N/A","N/A",7545691778812,"N/A","Borescopes",1404,229.99,-46,0,0,-113,"-","-",1,5,"Yang Miemie","China",1,10,11,"Large Standard-Size",9.84,8.66,3.54,1.98,"N/A","N/A","08/31/2024",28,9,0,0.12
"https://amazon.com/dp/B01I2574LM","https://m.media-amazon.com/images/I/41T5JyWwajL._SX450_.jpg","B01I2574LM","Milwaukee Electric Tool 2309-20 M-Spector Inspection Scope Kit, 9 mm, 4.92 "" x 10.55 "" x 13.39""","Milwaukee","FBM","Industrial & Scientific",852610,045242473120,"N/A",0045242473120,"N/A","Borescopes",1400,139.99,"N/A",0,0,-150,"-","-",63,3.5,"Stevie’s Tool Garage","USA",1,7,"N/A","Large Standard-Size",5,11,13.39,8,"N/A","N/A","11/30/2025",117,9,0,0
"https://amazon.com/dp/B0D141G32T","https://m.media-amazon.com/images/I/71J5vpAwHsL._SX450_.jpg","B0D141G32T","ESANHAO Sewer Camera Drain Snake Plumbing Inspection Camera 5"" Screen with Video Recording DVR Included 32GB TF-Card (30M with Lcator)","ESANHAO","FBA","Industrial & Scientific",854456,"N/A","N/A","N/A","N/A","Borescopes",1408,659.99,-13,0,0,-140,"-","-",3,5,"ESANHAO Store","China",1,7,"N/A","Large bulky",12.5,14.5,14.9,16.9,875.2,2188.01,"12/31/2025",23,8,0,0
"https://amazon.com/dp/B07ZH9P8QH","https://m.media-amazon.com/images/I/71j0CrYxoGL._SX450_.jpg","B07ZH9P8QH","SKYBASIC Industrial Endoscope - Digital Borescope with 4.3 Inch LCD, HD Snake Camera, 6 LED Lights, Semi-Rigid Cable, 32GB Card and Tool - 16.5FT","SKYBASIC","FBA","Industrial & Scientific",860264,"N/A","N/A",8414775913199,"N/A","Borescopes",1410,39.99,"N/A",0,0,,"-","-",5453,4.2,"topman  tech","China",1,0,"N/A","Large Standard-Size",3.23,4.88,8.11,1.1,64.35,177.53,"06/30/2024",77,7,0,0
"https://amazon.com/dp/B0DK6XRYRH","https://m.media-amazon.com/images/I/618kwaUM97L._SX450_.jpg","B0DK6XRYRH","Anysun 5860 Model Sewer Camear Black Control Box Replacement, Including Monitor and Battery, Only for Anysun 5860 Serie Sewer Camera System","anysun","FBM","Industrial & Scientific",863533,"N/A","N/A","N/A","N/A","Borescopes",1418,299.99,6,0,0,,"-","-","N/A","N/A","Yongchangsheng tech","Hong Kong",1,0,"N/A","N/A","N/A","N/A","N/A","N/A","N/A","N/A","09/30/2025",18,3,0,"N/A"
"https://amazon.com/dp/B0D3KVKG97","https://m.media-amazon.com/images/I/81U7RxADs6L._SX450_.jpg","B0D3KVKG97","JINXINEBAY 4.3''Sewer Camera,Pipe Drain Inspection Camera with DVR,HD 1000TVL, 0.72FT/22MM Borescope with 12PCS LED Lights,Industrial Endoscope with 16GB TF Card and 5600MAH Battery (50M/164FT)","JINXINEBAY","FBA","Industrial & Scientific",864534,"N/A","N/A","N/A","N/A","Borescopes",1420,229.99,-48,0,0,,"-","-",2,3.2,"JINXINEBAY Store","China",1,0,"N/A","Large bulky",12.1,8.4,16,8.82,527.02,1317.56,"06/30/2025",23,7,0,0
"https://amazon.com/dp/B0DG4RFKFX","https://m.media-amazon.com/images/I/81VipcrgHIL._SX450_.jpg","B0DG4RFKFX","Sewer Camera Self Leveling with Locator, 7MM Thicker Pushrod, Keyboard, Distance Counter, 10.1'' Large HD Monitor, 100Ft/30M Sewer Inspection Camera IP68 with DVR & SD Card Industrial Borescope Snake","MACMORE","FBA","Industrial & Scientific",865457,"N/A","N/A","N/A","N/A","Borescopes",1428,900,-21,0,0,,"-","-",1,1,"DCCSHOP","Hong Kong",1,8,"N/A","Large bulky",15.86,17.52,24.84,32.47,2236.83,5592.08,"02/28/2025",17,8,0,0.1
"https://amazon.com/dp/B0DG594PYN","https://m.media-amazon.com/images/I/81pZUEil2qL._SX450_.jpg","B0DG594PYN","Sewer Camera Self Leveling with Distance Counter & Keyboard, 7MM Thicker Pushrod, 10.1'' Large HD Monitor, 100Ft/30M Sewer Pipe Inspection Camera IP68 with DVR & SD Card Industrial Borescope Snake","MACMORE","FBA","Industrial & Scientific",866820,"N/A","N/A","N/A","N/A","Borescopes",1426,500,-20,0,0,-150,"-","-",1,1,"DCCSHOP","Hong Kong",1,11,"N/A","Large bulky",15.83,17.4,17.48,26.83,1560.33,3900.82,"02/28/2025",16,7,0,0
"https://amazon.com/dp/B0DP36RCLJ","https://m.media-amazon.com/images/I/71gFJU83lkL._SX450_.jpg","B0DP36RCLJ","Sewer Camera 165ft, Drain Camera with Self-Leveling, Distance Counter, 512Hz Sonde, 9"" HD Plumbing Cameras with 12 LED Lights, IP68 & 32GB DVR, Industrial Endoscope for Duct Sewer Line Pipe Inspection","OnBeam","FBA","Industrial & Scientific",868433,717504238692,"N/A",0717504238692,"N/A","Borescopes",1427,1099.99,-27,0,0,-33,"-","-",1,5,"weigangus","China",1,0,"N/A","Extra-large 50+ to 70 lb",16.5,22.75,24.5,34.55,2980.41,7451.02,"11/30/2025",14,7,2,0.13
"https://amazon.com/dp/B0CPL1RHQV","https://m.media-amazon.com/images/I/41gFcPnPOrL._SX450_.jpg","B0CPL1RHQV","Endoscope Camera with Lights, 8mm Slim Probe Borescope Inspection Camera, 9.8ft Semi-Rigid Cable, IP67 Waterproof Snake C Amera for iOS Device,Gadget for Men","ZOIOT","FBA","Industrial & Scientific",868474,"N/A","N/A","N/A","N/A","Borescopes",1433,20.99,10,0,0,-133,"-","-",3,3.9,"YFD-US","China",1,9,80,"Large Standard-Size",1.34,4.84,5.12,0.29,16.72,46.12,"11/30/2025",27,6,0,0
"https://amazon.com/dp/B0DP35JYXS","https://m.media-amazon.com/images/I/71YWtjrqNuL._SX450_.jpg","B0DP35JYXS","Sewer Camera 230ft, Drain Camera with Self-Leveling, Distance Counter, 512Hz Sonde, 9"" HD Plumbing Cameras with 12 LED Lights, IP68 & 32GB DVR, Industrial Endoscope for Duct Sewer Line Pipe Inspection","OnBeam","FBA","Industrial & Scientific",868648,717504238708,"N/A",0717504238708,"N/A","Borescopes",1427,1199.99,-51,0,0,-33,"-","-",1,5,"weigangus","China",1,0,"N/A","Extra-large 50+ to 70 lb",18,22,24,42.8,3080,7700,"11/30/2025",14,7,2,0.13
"https://amazon.com/dp/B0C5Y4VFGK","https://m.media-amazon.com/images/I/51YUC61ctUL._SX450_.jpg","B0C5Y4VFGK","Sewer Camera Robot,All-Metal Anti-Oxidation and Corrosion Resistant Body IP68 Sewer Pipe Inspection Crawler Camera Robot System(394ft/120M)","SYANSPAN","FBM","Industrial & Scientific",871368,"N/A","N/A","N/A","N/A","Borescopes",1508,9527.99,-42,0,0,-127,"-","-","N/A","N/A","pipe camera","China",1,30,"N/A","Extra-large 70+ to 150 lb",25.2,22.83,19.69,83.78,"N/A","N/A","06/30/2025",34,8,3,"N/A"
"https://amazon.com/dp/B0DJSTV32W","https://m.media-amazon.com/images/I/61d8+8-DywL._SX450_.jpg","B0DJSTV32W","ZX3-D1 Two-Way Articulating Borescope with Light, 0.15in Industrial Endoscope Inspection Camera, 5-inch IPS Articulated Snake Camera, 8X Zoom Video Inspection Scope- 3.3FT","Dearsee","FBA","Industrial & Scientific",872999,729162039689,"N/A",0729162039689,"N/A","Borescopes",1435,88.9,-73,0,0,150,"-","-",1,5,"Dearsee","China",1,9,"N/A","Large Standard-Size",2.83,10.43,16.18,1.52,240.45,663.31,"01/31/2025",18,7,0,0
"https://amazon.com/dp/B0D9VVW5XV","https://m.media-amazon.com/images/I/71oLGwwgVmL._SX450_.jpg","B0D9VVW5XV","Replacement Cable, Anysun Sewer Camera Parts Only for Anysun SY958 Series Sewer Inspection Camera","anysun","FBM","Industrial & Scientific",879110,717326213396,"N/A",0717326213396,"N/A","Borescopes",1442,369.94,"N/A",0,0,-100,"-","-","N/A","N/A","Nedive","Hong Kong",1,0,"N/A","N/A","N/A","N/A","N/A","N/A","N/A","N/A","10/31/2025",20,1,0,"N/A"
"https://amazon.com/dp/B01D8UDBOK","https://m.media-amazon.com/images/I/41wMlkfNWBL._SX450_.jpg","B01D8UDBOK","Milwaukee New 2313-21 12 Volt M12 Cordless Inspection Camera System Scope Sale","Milwaukee","FBM","Industrial & Scientific",880274,728639271188,"N/A",0728639271188,"N/A","Borescopes",1433,349.95,-9,0,0,,"-","-",2,5,"Midwest Tools","USA",2,9,"N/A","N/A","N/A","N/A","N/A","N/A","N/A","N/A","05/31/2025",120,1,0,0
"https://amazon.com/dp/B0DDT8R3BJ","https://m.media-amazon.com/images/I/71fsTd8D8KL._SX450_.jpg","B0DDT8R3BJ","Anysun Sewer Inspection Camera with Locator, Self Leveling, Distance Counter, 7MM 165 Ft Cable, Pipe Camera with 10'' Color Screen DVR, IP68 Waterproof Plumbing Snake Camera for Pipe Inspection","anysun","FBA","Industrial & Scientific",880342,"N/A","N/A","N/A","N/A","Borescopes",1439,899.99,-6,0,0,,"-","-",2,3.6,"HZDZ_Shop","Hong Kong",1,0,"N/A","Large bulky",15.5,17.5,24.75,34,2175.65,5439.13,"04/30/2025",18,7,0,0
"https://amazon.com/dp/B0DLNMQVG5","https://m.media-amazon.com/images/I/61pEnN8kovL._SX450_.jpg","B0DLNMQVG5","Endoscope Camera with Light","gogolux","FBM","Industrial & Scientific",881486,"N/A","N/A",6949312306490,"N/A","Borescopes",1439,29.9,-21,0,0,,"-","-",3,4.2,"Womfenn US Official","China",1,0,"N/A","N/A","N/A","N/A","N/A","N/A","N/A","N/A","12/31/2024",17,1,0,0
"https://amazon.com/dp/B07PV16M5L","https://m.media-amazon.com/images/I/61l4otnNQcL._SX450_.jpg","B07PV16M5L","Video Snake SWJ-3388T Wall Inspection System, Black","Video Snake","FBA","Industrial & Scientific",887192,811640014315,"N/A",0811640014315,"N/A","Borescopes",1450,1499.99,-21,1,1,-14,2059,2058.92,24,3.1,"ValueValet","Canada",1,21,110,"Extra-large 50+ to 70 lb",14.1,23.5,27.2,30.85,2920.79,7301.97,"02/28/2025",120,9,7,0.06
"https://amazon.com/dp/B093XGQSNL","https://m.media-amazon.com/images/I/61l4otnNQcL._SX450_.jpg","B093XGQSNL","Video Snake Wall Inspection System","Video Snake","FBA","Industrial & Scientific",887240,"N/A","N/A","N/A","N/A","Borescopes",1452,1499.99,"N/A",1,0,-50,2025.66,"-",24,3.1,"ValueValet","Canada",0,21,91,"N/A","N/A","N/A","N/A","N/A","N/A","N/A","02/28/2025",59,9,7,0.06
"https://amazon.com/dp/B0DFBX5K4H","https://m.media-amazon.com/images/I/51vKDFGTpYL._SX450_.jpg","B0DFBX5K4H","Ubxvamm Endoscope Camera with Light, Borescope with Adjustable LED Light,Endoscope Camera,Waterproof Inspection Cameras","Ubxvamm","FBM","Industrial & Scientific",890000,"N/A","N/A",7671300024862,"N/A","Borescopes",1452,11.16,25,0,0,-67,"-","-",1,5,"MIlsfna","China",2,6,"N/A","N/A","N/A","N/A","N/A","N/A","N/A","N/A","09/30/2024",19,8,6,0.02
"https://amazon.com/dp/B0DFBTRKSG","https://m.media-amazon.com/images/I/51vKDFGTpYL._SX450_.jpg","B0DFBTRKSG","Ubxvamm Endoscope Camera with Light, Borescope with Adjustable LED Light,Endoscope Camera,Waterproof Inspection Cameras","Ubxvamm","FBM","Industrial & Scientific",890000,"N/A","N/A",7671300047502,"N/A","Borescopes",1452,10.35,-27,0,0,-67,"-","-",1,5,"qiqiaokejiyouxiangongsi","China",1,6,"N/A","N/A","N/A","N/A","N/A","N/A","N/A","N/A","09/30/2024",19,8,6,0.02
"https://amazon.com/dp/B0DFBSJYXG","https://m.media-amazon.com/images/I/51vKDFGTpYL._SX450_.jpg","B0DFBSJYXG","Ubxvamm Endoscope Camera with Light, Borescope with Adjustable LED Light,Endoscope Camera,Waterproof Inspection Cameras","Ubxvamm","FBM","Industrial & Scientific",890000,"N/A","N/A",7671300024855,"N/A","Borescopes",1452,12.95,-16,0,0,-67,"-","-",1,5,"MIlsfna","China",1,6,"N/A","N/A","N/A","N/A","N/A","N/A","N/A","N/A","09/30/2024",19,8,6,0
"https://amazon.com/dp/B00UW6OQYI","https://m.media-amazon.com/images/I/71cUIa4aAgL._SX450_.jpg","B00UW6OQYI","Vividia TVS-300DVR Telescopic Industrial Video Inspection Camera System 3 Meter Long with DVR Recording, 5"" LCD Screen and Sturdy Case","VIVIDIA","FBM","Industrial & Scientific",895288,759119543921,"N/A",0759119543921,"N/A","Borescopes",1444,799.98,2,0,0,-125,"-","-",2,3.7,"Oasis Scientific Inc.","USA",1,5,"N/A","Large bulky",5.5,11.7,37.75,15.2,"N/A","N/A","11/30/2025",132,9,0,0
"https://amazon.com/dp/B0FXR5L4WM","https://m.media-amazon.com/images/I/81eHoVPHKdL._SX450_.jpg","B0FXR5L4WM","Endoscope Camera with Light,1920P HD Borescope with 8 Adjustable LED Lights, Endoscope Inspection with Semi-Rigid Cable for iOS and Android Micrometer Accessories 18ft","Ditomil","FBA","Industrial & Scientific",896143,"N/A","N/A","N/A","N/A","Borescopes",1457,14.99,"N/A",3,3,,40.7,40.65,"N/A","N/A","DitomilDirect","N/A",1,0,"N/A","Small Standard-Size",7.87,3.94,0.75,0.4,11.68,32.21,"11/30/2025",5,7,0,"N/A"
"https://amazon.com/dp/B00JXDWBMA","https://m.media-amazon.com/images/I/81f5AOt1GjL._SX450_.jpg","B00JXDWBMA","Supereyes Y002 7mm 200X Waterproof Handheld Digital Microscope Borescope Endoscope Otoscope with LED","Supereyes","FBA","Industrial & Scientific",903237,045635335820,"N/A",0045635335820,"N/A","Borescopes",1448,65,-5,0,0,,"-","-",13,2.6,"Supereyes Official","China",2,11,175,"Large Standard-Size",7.5,4.3,1.8,0.6,29.23,80.63,"06/30/2025",143,10,0,0
"https://amazon.com/dp/B0CRRWDNC5","https://m.media-amazon.com/images/I/510BFgxdy9L._SX450_.jpg","B0CRRWDNC5","Sewer Camera Big Guide Wheel Expandable,JQKJCAM Pipe Sewer Inspection Camera Accessory Parts Attachment for 0.9''/23MM Camera Head,Protector Standing and Skid for Drain Borescope","JQKJCAM","FBM","Industrial & Scientific",908048,"N/A","N/A","N/A","N/A","Borescopes",1468,186,-16,0,0,,"-","-",10,3.9,"JJKJ Cam","China",2,0,"N/A","Large Standard-Size",13.78,7.09,5.1,3.57,"N/A","N/A","08/31/2025",27,6,0,0
"https://amazon.com/dp/B0D6W5RJHH","https://m.media-amazon.com/images/I/518crCON9sL._SX450_.jpg","B0D6W5RJHH","SYANSPAN Sewer Camera with Locator, Borescopes 512HZ Pipe Receiver Aluminum Box, LED Display Water Line Locator, Underground Pipe Locator, for Pipe Inspection Camera","SYANSPAN","FBA","Industrial & Scientific",908532,"N/A","N/A","N/A","N/A","Borescopes",1474,259.99,-13,0,0,-100,"-","-",1,1,"pipe camera","China",1,0,"N/A","Large Standard-Size",13,5,8,4,261.81,722.22,"12/31/2025",22,7,0,0.39
"https://amazon.com/dp/B0C9SKGWZ9","https://m.media-amazon.com/images/I/51Qeo6MMbPL._SX450_.jpg","B0C9SKGWZ9","Endoscope, IP67 Borescope Inspection 2.0 Megapixels HD Snake Camera for Android and iOS Smartphone, Phone, PAD, Black, Compatible with Micro U","Yunseity","FBA","Industrial & Scientific",908724,"N/A","N/A","N/A","N/A","Borescopes",1454,13.9,-23,0,0,,"-","-",1,4,"Liccx","China",2,3,-86,"Large Standard-Size",5.12,4.72,1.57,0.37,19.17,52.89,"08/31/2024",33,9,0,0
"https://amazon.com/dp/B0CH8XVVD2","https://m.media-amazon.com/images/I/61CrSA3uKZL._SX450_.jpg","B0CH8XVVD2","Borescope Endoscope Camera 7mm IP67 USB Industrial Pipe Inspection for Measuring Pipes (1M)","Walfront","FBA","Industrial & Scientific",911170,"N/A","N/A","N/A","N/A","Borescopes",1457,11.83,-26,1,1,,8.42,8.38,"N/A","N/A","numuqia-US","China",2,16,"N/A","Large Standard-Size",4.72,4.72,1.57,0.15,17.7,48.82,"10/31/2025",31,9,1,"N/A"
"https://amazon.com/dp/B0CQK65MV3","https://m.media-amazon.com/images/I/61CoOivk4NL._SX450_.jpg","B0CQK65MV3","LANRU P100 Industrial Endoscope 8mm 1080P Digital Borescope IP67 Waterproof Snake Scope Camera Handheld Inspection Camera with 2.4'' IPS Screen 6 LED-Lights","LANRU","FBM","Industrial & Scientific",911288,764284424579,"N/A",0764284424579,"N/A","Borescopes",1478,32.99,-29,0,0,-20,"-","-","N/A","N/A","JXLjiaxunle","China",2,0,"N/A","Large Standard-Size",9.76,5.16,2.68,0.79,"N/A","N/A","01/31/2026",27,7,2,"N/A"
"https://amazon.com/dp/B0CQK4PV6R","https://m.media-amazon.com/images/I/61CoOivk4NL._SX450_.jpg","B0CQK4PV6R","LANRU P100 Industrial Endoscope 8mm 1080P Digital Borescope IP67 Waterproof Snake Scope Camera Handheld Inspection Camera with 2.4'' IPS Screen 6 LED-Lights","LANRU","FBA","Industrial & Scientific",911288,764284472204,"N/A",0764284472204,"N/A","Borescopes",1478,33.9,-43,0,0,-20,"-","-","N/A","N/A","JXLjiaxunle","China",3,0,"N/A","Large Standard-Size",9.76,5.16,2.68,0.79,67.87,187.24,"01/31/2026",27,7,2,"N/A"
"https://amazon.com/dp/B09M69MCBC","https://m.media-amazon.com/images/I/71kIcnmLVAL._SX450_.jpg","B09M69MCBC","Vividia SV-2010S Side-View Flexible 2mm Diameter 1 Meter Long Borescope Endoscope Videoscope Inspection Camera with 5"" LCD Touchscreen Monitor","VIVIDIA","FBM","Industrial & Scientific",914198,"N/A","N/A","N/A","N/A","Borescopes",1456,7999.99,"N/A",1,1,,10353.31,10353.26,"N/A","N/A","Oasis Scientific Inc.","USA",1,0,"N/A","N/A","N/A","N/A","N/A","N/A","N/A","N/A","03/31/2026",52,9,0,"N/A"
"https://amazon.com/dp/B0BBXG3K7H","https://m.media-amazon.com/images/I/51we07itVzL._SX450_.jpg","B0BBXG3K7H","USB Industrial Endoscope Inspection Camera with 6 LED Lights 7mm Probe Borescope for Pipe Measuring and HD Snake Scope","LiebeWH","FBM","Industrial & Scientific",920165,"N/A","N/A","N/A","N/A","Borescopes",1461,12.03,-24,1,1,-125,14.06,14.02,"N/A","N/A","Danyanty","China",2,9,125,"Large Standard-Size",4.72,4.72,1.57,0.15,"N/A","N/A","11/30/2025",43,9,0,"N/A"
"https://amazon.com/dp/B09L16F7YB","https://m.media-amazon.com/images/I/61I3x9vt+pL._SX450_.jpg","B09L16F7YB","0.9inch/23mm Sewer Camera Head Accessories Self-Leveling for Industrial Drain Pipe Endoscope Camera with Wheel and Protective Cover","SYANSPAN","FBM","Industrial & Scientific",923607,"N/A","N/A","N/A","N/A","Borescopes",1463,368.99,-10,0,0,,"-","-",2,2.6,"pipe camera","China",1,2,"N/A","Large Standard-Size",6.7,3.9,2,1.1,"N/A","N/A","05/31/2024",53,6,0,0
"https://amazon.com/dp/B0DN6FVZ1X","https://m.media-amazon.com/images/I/71G7MG4VVPL._SX450_.jpg","B0DN6FVZ1X","Sewer Camera, 10.1"" 1080P Touchscreen Sewer Pipe Inspection Camera with 512Hz Transmitter, Self-Leveling, Distance Counter for Drain Plumbing Pipe, IP68 Waterproof DVR Recorder/Audio-16 GB, 165FT","Oiiwak","FBA","Industrial & Scientific",923803,"N/A","N/A","N/A","N/A","Borescopes",1484,1599.99,-7,1,1,-100,1706.35,1706.28,353,4.1,"Oiiwak Tech","China",1,0,"N/A","Large bulky",14.4,16.85,19.25,28.55,1513.69,3784.23,"12/31/2025",7,9,2,0
"https://amazon.com/dp/B0FLY67WHM","https://m.media-amazon.com/images/I/61cr6vnYZIL._SX450_.jpg","B0FLY67WHM","Saker T40 Endoscope","Saker","FBM","Industrial & Scientific",929520,"N/A","N/A","N/A","N/A","Borescopes",1483,59.99,-16,0,0,,"-","-","N/A","N/A","SAKER BM","China",1,0,"N/A","N/A","N/A","N/A","N/A","N/A","N/A","N/A","09/30/2025",8,9,0,"N/A"
"https://amazon.com/dp/B0C7TXY5G8","https://m.media-amazon.com/images/I/71IJaP9M-VL._SX450_.jpg","B0C7TXY5G8","AOPICK Endoscope Camera with Light - 4.3'' IPS Screen 1080P HD Borescope with 8 Adjustable Led Lights, IP67 Waterproof Endoscope Inspection Camera with 16.5ft Semi-Rigid Snake Cable","AOPICK","FBM","Industrial & Scientific",931422,"N/A","N/A","N/A","N/A","Borescopes",1470,40.99,-13,1,1,,45.44,45.43,1554,4.4,"Aopick Official","China",1,3,"N/A","Large Standard-Size",3.03,6.02,12.68,1.21,"N/A","N/A","11/30/2025",33,8,0,0
"https://amazon.com/dp/B0D3BNVFHN","https://m.media-amazon.com/images/I/71nBILcStKL._SX450_.jpg","B0D3BNVFHN","SYANSPAN Sewer Inspection Camera - 9"" 1080P HD Screen, 512Hz Transmitter & Receiver, 16GB DVR, Self-Leveling (40M/131ft)","SYANSPAN","FBA","Industrial & Scientific",932595,"N/A","N/A","N/A","N/A","Borescopes",1493,1449.99,-11,0,0,-60,"-","-",2,5,"pipe camera","China",1,12,"N/A","Large bulky",9.61,16.54,20.08,17.11,1034.35,2585.87,"12/31/2024",23,7,4,0.22
"https://amazon.com/dp/B0DK9PRGJT","https://m.media-amazon.com/images/I/81d0hSA7LIL._SX450_.jpg","B0DK9PRGJT","Sewer Camera with 512Hz Transmitter, Self-Leveling, Distance Counter, 5X Zoom, IP68 Waterproof, 1.26""/32mm Camera, 0.35''/9mm Cable with Wheel, 10"" IPS Monitor, Speaker & Mic, DVR with 32GB (250FT)","PeachLeaf","FBM","Industrial & Scientific",934147,717331239251,"N/A",0717331239251,"N/A","Borescopes",1495,2899.99,-18,1,0,-33,3517.92,"-",2,5,"YoJo-Tech","Hong Kong",1,0,"N/A","Extra-large 70+ to 150 lb",26,15,27,49,"N/A","N/A","04/30/2025",17,7,3,0.64
"https://amazon.com/dp/B0DK9ND8DN","https://m.media-amazon.com/images/I/81d0hSA7LIL._SX450_.jpg","B0DK9ND8DN","Sewer Camera with 512Hz Transmitter, Self-Leveling, Distance Counter, 5X Zoom, IP68 Waterproof, 1.26""/32mm Camera, 0.35''/9mm Cable with Wheel, 10"" IPS Monitor, Speaker & Mic, DVR with 32GB (200FT)","PeachLeaf","FBM","Industrial & Scientific",937027,717331239275,"N/A",0717331239275,"N/A","Borescopes",1495,2699.99,-41,1,1,-33,3517.92,2586.99,2,5,"YoJo-Tech","Hong Kong",1,0,"N/A","Extra-large 70+ to 150 lb",26,15,27,48,"N/A","N/A","04/30/2025",17,7,3,0.64
"https://amazon.com/dp/B07BZB3XDF","https://m.media-amazon.com/images/I/61paBHc2tvL._SX450_.jpg","B07BZB3XDF","USB 3 in 1 Endoscope Inspection Camera 0.3 Megapixels IP67 Snake Camera with 6 Adjustable Led Light for Android Micro/Type C/USB PC – 1.5M Black","Walfront","FBM","Industrial & Scientific",943445,654936735552,"N/A",0654936735552,"N/A","Borescopes",1480,18.14,-6,0,0,-100,"-","-",27,3.1,"nineone","China",1,7,40,"Large Standard-Size",1.22,4.72,4.8,0.2,"N/A","N/A","08/31/2025",96,9,0,0
"https://amazon.com/dp/B0B3HBFCPJ","https://m.media-amazon.com/images/I/61lzmm0gVDL._SX450_.jpg","B0B3HBFCPJ","SYANSPAN Sewer Inspection Camera HD 1080P 10.1"" Pipe Inspection Camera 512Hz Locator 10-50M Self-Leveling Video Audio Recording Endoscope for Plumber, Homeowners","SYANSPAN","FBM","Industrial & Scientific",948499,"N/A","N/A","N/A","N/A","Borescopes",1491,1541.95,-15,0,0,-133,"-","-","N/A","N/A","pipe camera","China",1,3,-70,"Large bulky",16.54,14.17,18.9,33.07,"N/A","N/A","02/28/2025",46,7,5,"N/A"
"https://amazon.com/dp/B0F2MS1GPF","https://m.media-amazon.com/images/I/51841lJrADL._SX450_.jpg","B0F2MS1GPF","ZDETGU Y102 USB 3-in- Borescope Camera with 5 5mm Lens 6LED Lights 5M Cable IP67 for and Compatible HD Inspection Camera","ZDETGU","FBM","Industrial & Scientific",948975,"N/A","N/A","N/A","N/A","Borescopes",1509,11.36,-22,0,0,,"-","-","N/A","N/A","Zhuoyut","China",1,0,"N/A","Large Standard-Size",4.72,4.72,1.57,0.29,"N/A","N/A","10/31/2025",12,9,0,"N/A"
"https://amazon.com/dp/B0B3HJ8W92","https://m.media-amazon.com/images/I/61lzmm0gVDL._SX450_.jpg","B0B3HJ8W92","Video Image-Scaling 33ft Sewer Camera HD 1080P Distanc Counter 10.1inch Pipe Inspection Camera 512HZ Locator 10-50M Self-Leveling Video Audio Recording Endoscop for for Plumber, Homeowners(10m)","SYANSPAN","FBM","Industrial & Scientific",951105,"N/A","N/A","N/A","N/A","Borescopes",1486,1370,3,0,0,-133,"-","-","N/A","N/A","pipe camera","China",1,3,-70,"Large bulky",16.54,14.17,18.9,33.07,"N/A","N/A","02/28/2025",46,7,5,"N/A"
"https://amazon.com/dp/B0CPL36CD9","https://m.media-amazon.com/images/I/61dZjSYDYAL._SX450_.jpg","B0CPL36CD9","Endoscope Camera with Light,Inspection Camera 16.4ft Gadgets for Men 1080P HD Endoscope with 8 Adjustable LED Lights(9.8ft)","ZOIOT","FBA","Industrial & Scientific",951918,"N/A","N/A","N/A","N/A","Borescopes",1494,20.99,-42,0,0,100,"-","-",30,3.6,"YFD-US","China",1,14,"N/A","Large Standard-Size",1.34,4.88,5.04,0.29,16.59,45.77,"08/31/2024",27,6,2,0.01
"https://amazon.com/dp/B003WEABLO","https://m.media-amazon.com/images/I/71BKXB8kmlL._SX450_.jpg","B003WEABLO","General Tools & Instruments P18ART-1SM Borescope Probe For Borescopes, Articulating Soft Metal, 1-Meter x 5.5 mm","General Tools","Amazon","Industrial & Scientific",952644,681035014196,00681035014196,0681035014196,"N/A","Borescopes",1490,1869.54,-35,1,0,,1262.25,"-",1,5,"Amazon","N/A",1,10,-9,"Large Standard-Size",12.5,15,2.9,3.15,"N/A","N/A","04/30/2024",188,1,17,1.34
"https://amazon.com/dp/B00IK2ZYME","https://m.media-amazon.com/images/I/71sfqUid6ZL._SX450_.jpg","B00IK2ZYME","General Tools P16HPART Borescope Probe for General Tools Borescopes, VGA Resolution, 1-Meter x 6 mm","General Tools","Amazon","Industrial & Scientific",952644,681035015759,00681035015759,0681035015759,"N/A","Borescopes",1490,1399.99,"N/A",1,0,,1262.25,"-",1,5,"Amazon","N/A",1,10,-9,"Large bulky",23.6,12.4,3.6,4.1,"N/A","N/A","04/30/2024",145,1,17,1.34
"https://amazon.com/dp/B0B3HLDBN6","https://m.media-amazon.com/images/I/61lzmm0gVDL._SX450_.jpg","B0B3HLDBN6","Video Image-Scaling 98ft Sewer Camera HD 1080P Distanc Counter 10.1inch Pipe Inspection Camera 512HZ Locator 10-50M Self-Leveling Video Audio Recording Endoscop for for Plumber, Homeowners(30m)","SYANSPAN","FBM","Industrial & Scientific",952933,"N/A","N/A","N/A","N/A","Borescopes",1494,1490.23,-50,0,0,-133,"-","-","N/A","N/A","pipe camera","China",1,3,-70,"Large bulky",16.54,14.17,18.9,33.07,"N/A","N/A","02/28/2025",46,7,5,"N/A"
"https://amazon.com/dp/B0FT33Q1BX","https://m.media-amazon.com/images/I/61li9lNP1RL._SX450_.jpg","B0FT33Q1BX","Endoscope with Light,1080P HD Borescope Camera with 8 Adjustable LED Lights 8mm Lens, Inspection Camera with 16.5ft Semi-Rigid Cable, Compatible with for iOS and Android","Acrbiutu","FBA","Industrial & Scientific",953167,"N/A","N/A","N/A","N/A","Borescopes",1512,17.99,-12,0,0,-121,"-","-",2,3.2,"Acrbiutu","Hong Kong",1,0,"N/A","Large Standard-Size",3.94,3.94,1.18,0.04,9.22,25.43,"10/31/2025",6,6,0,0.03
"https://amazon.com/dp/B0B3H6FHZ2","https://m.media-amazon.com/images/I/61lzmm0gVDL._SX450_.jpg","B0B3H6FHZ2","Video Image-Scaling 131ft Sewer Camera HD 1080P Distanc Counter 10.1inch Pipe Inspection Camera 512HZ Locator 10-50M Self-Leveling Video Audio Recording Endoscop for for Plumber, Homeowners(40m)","SYANSPAN","FBM","Industrial & Scientific",954208,"N/A","N/A","N/A","N/A","Borescopes",1488,1517.79,-61,0,0,-133,"-","-","N/A","N/A","pipe camera","China",1,3,-70,"Large bulky",16.54,14.17,18.9,33.07,"N/A","N/A","02/28/2025",46,7,5,"N/A"
"https://amazon.com/dp/B0CW9R7FV8","https://m.media-amazon.com/images/I/51sX0D4PsiL._SX450_.jpg","B0CW9R7FV8","0.15in (3.9mm) Ultra Thin Two-Way Articulating Turnable Borescope with Dimmable Light, Flexible Cable, Screen Rotation, Waterproof Probe, 3-Step Zoom","aokiinn","FBA","Industrial & Scientific",955323,"N/A","N/A",4589938347747,"N/A","Borescopes",1513,229,17,0,0,-133,"-","-","N/A","N/A","KS TOOLS","Taiwan, Province of China",1,6,"N/A","Large Standard-Size",3.11,8.78,14.61,2.82,200.85,554.08,"02/28/2025",25,6,0,"N/A"
"https://amazon.com/dp/B0D5TZ25W6","https://m.media-amazon.com/images/I/71ZETTTjJSL._SX450_.jpg","B0D5TZ25W6","HMWOKPOT 2.0 MP USB Portable Iridology Camera, Iris Analyzer with 12MP HD 30X Iris Lens and Driver-Free Analysis Software for Health Center, Spa","HMWOKPOT","FBM","Industrial & Scientific",955697,"N/A","N/A","N/A","N/A","Borescopes",1510,878.97,-16,0,0,100,"-","-","N/A","N/A","HMWOKPOT Shop","China",1,0,"N/A","N/A","N/A","N/A","N/A","N/A","N/A","N/A","10/31/2025",22,7,0,"N/A"
"https://amazon.com/dp/B0G64JFPW4","https://m.media-amazon.com/images/I/61peXO6uuKL._SX450_.jpg","B0G64JFPW4","Endoscope Camera with Light, 1920P HD Endoscope Camera, Semi-Rigid Snake Probe, Inspection Borescope for iOS & Android","ONDASHCAM","FBA","Industrial & Scientific",958826,"N/A","N/A","N/A","N/A","Borescopes",1510,47.99,-44,0,0,,"-","-",7,4,"HanYuanHK DIRECT","China",1,0,"N/A","Large Standard-Size",5.91,3.94,1.57,0.22,18.41,50.78,"-",4,1,0,0
"https://amazon.com/dp/B0D1GDJMMT","https://m.media-amazon.com/images/I/41be5mlpZcL._SX450_.jpg","B0D1GDJMMT","Sanyipace Battery ONLY Sewer Camera Model: F5100DJKABTX","Sanyipace","FBM","Industrial & Scientific",962585,"N/A","N/A","N/A","N/A","Borescopes",1510,99.99,"N/A",0,0,-133,"-","-","N/A","N/A","Urselection","China",1,8,"N/A","N/A","N/A","N/A","N/A","N/A","N/A","N/A","05/31/2025",24,1,0,"N/A"
"https://amazon.com/dp/B0FNQSLBVH","https://m.media-amazon.com/images/I/71h5B+UJIPL._SX450_.jpg","B0FNQSLBVH","Sewer Camera with Self-Leveling, 9'' 1080P HD Screen, 165ft Plumbing Snake with Light, IP68 Waterproof Inspection Camera, Drain Pipe with DVR 16GB","DYTesa","FBM","Industrial & Scientific",965574,"N/A","N/A",6967790319481,"N/A","Borescopes",1526,729.99,-13,0,0,,"-","-","N/A","N/A","ZBL Industrial","China",1,0,"N/A","Large bulky",19.88,17.52,12.01,17.42,"N/A","N/A","10/31/2025",7,7,2,"N/A"
"https://amazon.com/dp/B0D2HN1DMY","https://m.media-amazon.com/images/I/71NMz43vhfL._SX450_.jpg","B0D2HN1DMY","Sewer Camera, SYANSPAN Pipe Borescope 9"" HD 32GB DVR Screen Inspection Camera with Locator 512Hz, Waterproof 12pcs LED Lights Self Leveling Drain Camera for Plumbing Camera (30M/100ft)","SYANSPAN","FBA","Industrial & Scientific",966461,"N/A","N/A","N/A","N/A","Borescopes",1523,1059.99,-28,1,1,-111,1187.16,565.35,2,2,"pipe camera","China",1,8,"N/A","Large bulky",12.99,17.6,22.64,20.44,1677.42,4193.56,"02/28/2025",23,9,6,0.54
"https://amazon.com/dp/B0DG4X2Y18","https://m.media-amazon.com/images/I/81VipcrgHIL._SX450_.jpg","B0DG4X2Y18","Sewer Camera Self Leveling, 7MM Thicker Pushrod, Keyboard, Distance Counter, 10.1'' Large HD Monitor, Sewer Inspection Camera IP68 with DVR & SD Card Industrial Borescope Snake (164Ft, with Locator)","MACMORE","FBA","Industrial & Scientific",971038,"N/A","N/A","N/A","N/A","Borescopes",1530,900,-43,1,1,,844.19,844.16,1,5,"DCCSHOP","Hong Kong",1,9,"N/A","Large bulky",15.5,17.5,25,33.6,2197.63,5494.07,"05/31/2025",16,8,0,0.85
"https://amazon.com/dp/B0D2HPH1F2","https://m.media-amazon.com/images/I/7192VkOiRML._SX450_.jpg","B0D2HPH1F2","Sewer Camera, SYANSPAN Pipe Borescope 9"" HD 32GB DVR Screen Inspection Camera, Self Leveling Drain Camera with Locator 512Hz Waterproof 12pcs LED Lights for Plumbing Camera (50m/165ft)","SYANSPAN","FBA","Industrial & Scientific",971084,"N/A","N/A","N/A","N/A","Borescopes",1531,1119.99,-15,1,0,-111,1187.16,"-",2,2,"pipe camera","China",1,8,"N/A","Large bulky",13.07,17.68,22.56,21.96,1689.43,4223.59,"02/28/2025",23,9,6,0.54
"https://amazon.com/dp/B0D2HNX2FL","https://m.media-amazon.com/images/I/71NMz43vhfL._SX450_.jpg","B0D2HNX2FL","Sewer Camera self-Leveling, SYANSPAN Sewer Camera Inspection Camera, DVR Endoscope Camera with Light, Waterproof Borescope with 9'' HD Screen, Drain Sewer Camera, 165ft/50M-Blue","SYANSPAN","FBA","Industrial & Scientific",971198,"N/A","N/A","N/A","N/A","Borescopes",1531,1119.99,-39,1,0,-111,1187.16,"-",2,2,"pipe camera","China",1,8,"N/A","Large bulky",13.15,17.48,22.68,21.98,1689.49,4223.71,"02/28/2025",23,9,6,0.54
"https://amazon.com/dp/B0CDQ3JW1Y","https://m.media-amazon.com/images/I/61QgO+bFGwL._SX450_.jpg","B0CDQ3JW1Y","USB Industrial Endoscope with 6 LED Lights 7mm Probe Pipe Inspection Camera IP67 for Measuring Pipes (2M)","FTVOGUE","FBM","Industrial & Scientific",972295,"N/A","N/A","N/A","N/A","Borescopes",1534,11.01,-40,1,1,,15.92,11.3,1,1,"Astyer-X","China",1,13,"N/A","Large Standard-Size",4.72,4.72,1.57,0.19,"N/A","N/A","11/30/2024",32,9,2,1.42
"https://amazon.com/dp/B0FC2KMHZ3","https://m.media-amazon.com/images/I/71uRv6JLtcL._SX450_.jpg","B0FC2KMHZ3","Sewer Camera with Locator 150ft, Self-Leveling Sewer Inspection Camera, Distance Counter, 7mm Cable & Mobile Trolley Wheels, Drain Camera with HD 9"" Monitor DVR 32GB Card","okk","FBA","Industrial & Scientific",972758,"N/A","N/A","N/A","N/A","Borescopes",1535,1299.99,7,1,1,,1052.37,1052.33,1,5,"ZOZUS-DIRECT","China",1,0,"N/A","Large bulky",17,14,12,15,925.56,2313.89,"02/28/2026",10,9,2,0.82
"https://amazon.com/dp/B08B8HXBCP","https://m.media-amazon.com/images/I/51841lJrADL._SX450_.jpg","B08B8HXBCP","Y102 USB IP67 Endoscope USB 3 in 1 Endoscope 5.5mm Lens 6LED 5M Cable Borescope Inspection Camera","Walfront","FBM","Industrial & Scientific",974183,"N/A","N/A","N/A","N/A","Borescopes",1526,11.34,2,1,1,-150,13.42,13.37,4,2.3,"Luoyuu","China",1,5,-29,"Large Standard-Size",1.42,4.96,5.04,0.04,"N/A","N/A","08/31/2024",69,9,0,0.28
"https://amazon.com/dp/B0DH3VY6YN","https://m.media-amazon.com/images/I/611WIsn45XL._SX450_.jpg","B0DH3VY6YN","Endoscope Camera, Professional Industrial Snake Camera 1080P HD Inspection 4.3in LCD Display with Light for Sewer (CCYLEZwoz27h140m-12)","CCYLEZ","FBM","Industrial & Scientific",975159,"N/A","N/A","N/A","N/A","Borescopes",1538,43.93,-47,0,0,-133,"-","-","N/A","N/A","Sojare-US","China",1,7,"N/A","Large Standard-Size",11.02,5.91,3.15,1.88,"N/A","N/A","09/30/2024",19,9,2,"N/A"
"https://amazon.com/dp/B0DH3XC89T","https://m.media-amazon.com/images/I/61SRJ4UfpQL._SX450_.jpg","B0DH3XC89T","Endoscope Camera, Professional Industrial Snake Camera 1080P HD Inspection 4.3in LCD Display with Light for Sewer (CCYLEZwoz27h140m-11)","CCYLEZ","FBM","Industrial & Scientific",975311,"N/A","N/A","N/A","N/A","Borescopes",1538,34.77,-51,0,0,-133,"-","-","N/A","N/A","Sojare-US","China",1,7,"N/A","Large Standard-Size",7.87,5.12,3.15,1.2,"N/A","N/A","09/30/2024",19,9,2,"N/A"
"https://amazon.com/dp/B0CDQ58VBY","https://m.media-amazon.com/images/I/51we07itVzL._SX450_.jpg","B0CDQ58VBY","USB Industrial Endoscope with 6 LED Lights 7mm Probe Pipe Inspection Camera IP67 for Measuring Pipes (1M)","FTVOGUE","FBM","Industrial & Scientific",975726,"N/A","N/A","N/A","N/A","Borescopes",1529,11.06,-4,1,0,,15.92,"-",1,1,"Astyer-X","China",1,13,"N/A","Large Standard-Size",4.72,4.72,1.57,0.15,"N/A","N/A","11/30/2024",32,9,2,1.42
"https://amazon.com/dp/B08ZS1S4K8","https://m.media-amazon.com/images/I/51OnaBI6S7L._SX450_.jpg","B08ZS1S4K8","AC Adapter for Klein Tools ET510 Borescope Inspection Camera Power Supply Cord","KONKIN BOO","FBM","Industrial & Scientific",976160,"N/A","N/A",8747482574811,"N/A","Borescopes",1525,9.09,-10,1,1,-60,12.42,12.37,"N/A","N/A","AprilMall","China",1,11,83,"N/A","N/A","N/A","N/A","N/A","N/A","N/A","01/31/2026",60,5,0,"N/A"
"https://amazon.com/dp/B0D9WSXMS3","https://m.media-amazon.com/images/I/71TJ84VXVTL._SX450_.jpg","B0D9WSXMS3","Triplett BR350CAM-5M-5.5MM Replacement Borescope Camera Probe for BR350, 5M Cable","Triplett","FBM","Industrial & Scientific",976338,614395005528,"N/A",0614395005528,"N/A","Borescopes",1541,134.99,-16,0,0,-125,"-","-",1,4,"Test Equipment Depot","USA",1,6,"N/A","Large Standard-Size",6,6,2,0.55,"N/A","N/A","12/31/2025",20,1,0,0
"https://amazon.com/dp/B07P2K31M6","https://m.media-amazon.com/images/I/71tqlFZp7gL._SX450_.jpg","B07P2K31M6","Pipeline Camera Control Box, Adjustable Camera, Good Image Clarity, Quickly and Accurately Find The Target (only for HBUDS、IHBUDS、Anysuns) (with DVR)","HBUDS","FBM","Industrial & Scientific",977027,"N/A","N/A",8011657107280,"N/A","Borescopes",1527,99,-9,1,1,-108,108.65,108.58,1,5,"AnysonicDirect","China",1,9,-10,"N/A","N/A","N/A","N/A","N/A","N/A","N/A","03/31/2024",85,6,1,1.09
"https://amazon.com/dp/B09KKVNQFW","https://m.media-amazon.com/images/I/31xBw45rgPL._SX450_.jpg","B09KKVNQFW","Vividia TVS-360 Telescopic Carbon Fiber Pole 1920x1080 Full HD Waterproof Pan-Tilt Inspection Camera with 7"" LCD Monitor (Max. 5m Long Pole)","VIVIDIA","FBM","Industrial & Scientific",979544,"N/A","N/A","N/A","N/A","Borescopes",1528,2999.98,-29,0,0,-100,"-","-","N/A","N/A","Oasis Scientific Inc.","USA",1,14,367,"N/A","N/A","N/A","N/A","N/A","N/A","N/A","04/30/2025",53,9,2,"N/A"
"https://amazon.com/dp/B08VVWVM7P","https://m.media-amazon.com/images/I/81Gz4mCTTLL._SX450_.jpg","B08VVWVM7P","Vividia VA-880 USB 2-Way Articulating Automotive Borescope Diagnostic Inspection Camera 8.5mm 0.335"" Diameter 1m Long Probe for Mechanics Technician (WiFi Box + VA-880 Scope)","VIVIDIA","FBM","Industrial & Scientific",980058,"N/A","N/A","N/A","N/A","Borescopes",1529,400,-13,1,0,-75,262.15,"-","N/A","N/A","Oasis Scientific Inc.","USA",1,7,-22,"N/A","N/A","N/A","N/A","N/A","N/A","N/A","05/31/2025",128,9,3,"N/A"
"https://amazon.com/dp/B08VWBR4LJ","https://m.media-amazon.com/images/I/71hKbG2ZKlL._SX450_.jpg","B08VWBR4LJ","Vividia VA-880 USB 2-Way Articulating Automotive Borescope Diagnostic Inspection Camera 8.5mm 0.335"" Diameter 1m Long Probe for Mechanics Technician (VA-880 Scope only)","VIVIDIA","FBM","Industrial & Scientific",980138,"N/A","N/A","N/A","N/A","Borescopes",1530,360,-11,1,0,-75,262.15,"-","N/A","N/A","Oasis Scientific Inc.","USA",1,7,-22,"N/A","N/A","N/A","N/A","N/A","N/A","N/A","05/31/2025",128,9,3,"N/A"
"https://amazon.com/dp/B08VW1BRHJ","https://m.media-amazon.com/images/I/71yEr7zImEL._SX450_.jpg","B08VW1BRHJ","Vividia VA-880 USB 2-Way Articulating Automotive Borescope Diagnostic Inspection Camera 8.5mm 0.335"" Diameter 1m Long Probe for Mechanics Technician (LCD Monitor + VA-880 Scope)","VIVIDIA","FBM","Industrial & Scientific",980138,"N/A","N/A","N/A","N/A","Borescopes",1530,420,-22,1,0,-75,262.15,"-","N/A","N/A","Oasis Scientific Inc.","USA",1,7,-22,"N/A","N/A","N/A","N/A","N/A","N/A","N/A","05/31/2025",128,9,3,"N/A"
"https://amazon.com/dp/B09KKGZR9G","https://m.media-amazon.com/images/I/31xBw45rgPL._SX450_.jpg","B09KKGZR9G","Vividia TVS-360 Telescopic Carbon Fiber Pole 1920x1080 Full HD Waterproof Pan-Tilt Inspection Camera with 7"" LCD Monitor (Max. 8.5m Long Pole)","VIVIDIA","FBM","Industrial & Scientific",980950,"N/A","N/A","N/A","N/A","Borescopes",1533,3999.98,-21,0,0,-100,"-","-","N/A","N/A","Oasis Scientific Inc.","USA",1,14,367,"N/A","N/A","N/A","N/A","N/A","N/A","N/A","04/30/2025",53,9,2,"N/A"
"https://amazon.com/dp/B01FLYOCGM","https://m.media-amazon.com/images/I/41n4sAvIwFL._SX450_.jpg","B01FLYOCGM","Supereyes Y003 5.4mm Waterproof Handheld USB Digital Microscope Magnifier Borescope Endoscope with Side Mirrors","Supereyes","FBA","Industrial & Scientific",982941,646437195454,"N/A",0646437195454,"N/A","Borescopes",1534,75,-18,0,0,-133,"-","-",14,3,"Supereyes Official","China",1,7,-71,"Large Standard-Size",1.77,3.62,7.4,0.45,23.91,65.97,"02/28/2025",119,9,0,0
"https://amazon.com/dp/B0CZ39YJNZ","https://m.media-amazon.com/images/I/81rf1tw+2NL._SX450_.jpg","B0CZ39YJNZ","Self Leveling Sewer Camera with Locator 100FT,10 Inch 1080P Touch Screen Auto Meter Counter,32GB JQKJCAM HD 512HZ Drain Pipe Inspection Camera with 12 Light 7MM Cable & Keyboard (30m)","JQKJCAM","FBM","Industrial & Scientific",988085,"N/A","N/A","N/A","N/A","Borescopes",1554,1231.2,-45,0,0,,"-","-",1,5,"JJKJ Cam","China",1,9,"N/A","Large bulky",14.37,17.01,19.33,31.53,"N/A","N/A","03/31/2025",24,8,0,0
"https://amazon.com/dp/B0C5Y56CY9","https://m.media-amazon.com/images/I/51MpLbqq7xL._SX450_.jpg","B0C5Y56CY9","Sewer Camera Robot,512hz Trainsmitter and Receiver All-Metal Anti-Oxidation and Corrosion Resistant Body IP68 Sewer Pipe Inspection Crawler Camera Robot System(394ft/120M) (131ft/60M)","SYANSPAN","FBM","Industrial & Scientific",988198,"N/A","N/A","N/A","N/A","Borescopes",1553,9934.99,-45,0,0,-133,"-","-",2,5,"pipe camera","China",1,9,"N/A","Extra-large 70+ to 150 lb",25.2,22.83,19.69,83.78,"N/A","N/A","08/31/2025",34,9,2,0
"https://amazon.com/dp/B003YHA006","https://m.media-amazon.com/images/I/71UJJHDorYL._SX450_.jpg","B003YHA006","General Tools Obedient Borescope Probe Extension #P230-1X for use with General Tools DCS 200 and DCS 300 Borescopes, 3.3-Foot","General Tools","Amazon","Industrial & Scientific",990208,681035013878,00681035013878,0681035013878,"N/A","Borescopes",1538,10.41,-58,2,2,-57,28.15,28.09,17,4.5,"Amazon","N/A",1,11,-52,"Large Standard-Size",1.97,7.95,7.99,0.63,"N/A","N/A","12/31/2024",195,1,3,0.13
"https://amazon.com/dp/B0C5Y4DY97","https://m.media-amazon.com/images/I/51MpLbqq7xL._SX450_.jpg","B0C5Y4DY97","Sewer Camera Robot,512hz Trainsmitter and Receiver All-Metal Anti-Oxidation and Corrosion Resistant Body IP68 Sewer Pipe Inspection Crawler Camera Robot System(394ft/120M) (394ft/120M)","SYANSPAN","FBM","Industrial & Scientific",990751,"N/A","N/A","N/A","N/A","Borescopes",1544,9934.99,-8,0,0,-133,"-","-",2,5,"pipe camera","China",1,9,"N/A","Extra-large 70+ to 150 lb",25.2,22.83,19.69,83.78,"N/A","N/A","08/31/2025",34,9,2,0
"https://amazon.com/dp/B09QBDSQ19","https://m.media-amazon.com/images/I/519KvjGBfHL._SX450_.jpg","B09QBDSQ19","Vividia CT-4010 LCD/WiFi Flexible Two-Way Articulating Inspection Camera Borescope Videoscope with 4mm (0.16"") Diameter 1.0m Long Waterproof IP67 Probe","VIVIDIA","FBM","Industrial & Scientific",998847,"N/A","N/A","N/A","N/A","Borescopes",1550,999.98,-9,0,0,-75,"-","-","N/A","N/A","Oasis Scientific Inc.","USA",1,4,-33,"N/A","N/A","N/A","N/A","N/A","N/A","N/A","09/30/2024",51,4,0,"N/A"
"https://amazon.com/dp/B0C7GJNTB9","https://m.media-amazon.com/images/I/515XS7MsYDL._SX450_.jpg","B0C7GJNTB9","Splenssy Endoscope Camera with Light, 0.3 MP 7mm Lens HD Borescope with 6 Adjustable LED Lights, Endoscope with Semi-Rigid Snake Cable, IP67 Waterproof Inspection Camera","Splenssy","FBM","Industrial & Scientific",1005778,"N/A","N/A","N/A","N/A","Borescopes",1558,11.19,5,0,0,,"-","-",1,3,"Slimpsa","China",1,2,"N/A","Small Standard-Size",1.57,1.57,0.39,0.1,"N/A","N/A","06/30/2024",34,7,0,0
"https://amazon.com/dp/B0BSG5GQ9Q","https://m.media-amazon.com/images/I/61TG1W4RphL._SX450_.jpg","B0BSG5GQ9Q","Vividia ME-610X Joystick Articulating Videoscope Borescope Inspection Camera 6mm D 1m L All-Way 360 Degree Waterproof Probe 1280x720 Pixels 3.5"" LCD for Auto Mechanics Technicians Industrial Engineers","VIVIDIA","FBM","Industrial & Scientific",1007951,"N/A","N/A","N/A","N/A","Borescopes",1557,1299.98,-11,0,0,,"-","-","N/A","N/A","Oasis Scientific Inc.","USA",1,3,-63,"N/A","N/A","N/A","N/A","N/A","N/A","N/A","01/31/2025",84,9,0,"N/A"
"https://amazon.com/dp/B0CS6MRF2Z","https://m.media-amazon.com/images/I/614HPEWClzL._SX450_.jpg","B0CS6MRF2Z","Auttoop 5.5 mm Borescope Inspection Snake Camera Waterproof,USB C Endoscope for Phone, Computer, 16.4 Ft Semi-Rigid Cord with 6 LED Lights, Compatible with Windows","Auttoop","FBA","Industrial & Scientific",1017595,"N/A","N/A","N/A","N/A","Borescopes",1581,22.65,-47,0,0,,"-","-","N/A","N/A","SmartHouzzz Direct","China",2,0,"N/A","Large Standard-Size",2.6,6.57,6.81,0.49,58.58,161.61,"09/30/2025",27,8,0,"N/A"
"https://amazon.com/dp/B00LE61MV0","https://m.media-amazon.com/images/I/815UcqGGKhL._SX450_.jpg","B00LE61MV0","Vividia Mini 4.5mm Photo & Video Recordable Flexible Inspection Camera Borescope Endoscope with 3.5"" LCD Monitor","VIVIDIA","FBM","Industrial & Scientific",1018638,759119543686,"N/A",0759119543686,"N/A","Borescopes",1573,259.98,-21,0,0,-33,"-","-",0,"N/A","Oasis Scientific Inc.","USA",1,3,"N/A","N/A","N/A","N/A","N/A","N/A","N/A","N/A","04/30/2024",141,7,0,"N/A"
"https://amazon.com/dp/B0BZVN4HY8","https://m.media-amazon.com/images/I/6109EUddLWL._SX450_.jpg","B0BZVN4HY8","IPG For Industrial Endoscope Inspection Camera 4.3"" LCD Screen Protector (2 Units) Hydrogel Invisible Screen Guard - HD Quality/Self-Healing/Bubble -Free for Endoscope","IPG","FBA","Industrial & Scientific",1018882,810108535249,"N/A",0810108535249,"N/A","Borescopes",1570,14.95,-21,0,0,-144,"-","-",1,1,"iMotiw","USA",1,5,"N/A","Large Standard-Size",9,4,0.8,0.06,14.5,40,"05/31/2024",73,7,0,0
"https://amazon.com/dp/B0FJ26NLQ2","https://m.media-amazon.com/images/I/714u6X8VlgL._SX450_.jpg","B0FJ26NLQ2","Anysun Sewer Camera with Locator, Self-Leveling, Distance Counter, 7MM Thicker 200FT Cable, Pipe Inspection Camera w/ 10” Monitor, DVR, IP68 Waterproof Cam w/Pull Handle, Wheels & Keyboard","anysun","FBM","Industrial & Scientific",1020111,769016740293,"N/A",0769016740293,"N/A","Borescopes",1582,1799.99,-5,0,0,-133,"-","-",1,5,"HZDZ_Shop","Hong Kong",1,0,"N/A","Large bulky",18,16,10,26.46,"N/A","N/A","11/30/2025",8,7,4,0
"https://amazon.com/dp/B01HS86AU0","https://m.media-amazon.com/images/I/81KFftP789L._SX450_.jpg","B01HS86AU0","PCE Instruments PCE-IVE 320 for Video inspections, captures Clear visuals with 4.5"" Display and 1 m / 3.3 ft Probe, Plus LED Lighting and Image Storage","PCE Instruments","FBM","Industrial & Scientific",1034899,"N/A","N/A",4250348714329,"N/A","Borescopes",1593,1650,-5,0,0,,"-","-","N/A","N/A","Fanatical Trading","China",3,2,"N/A","Large Standard-Size",2.76,5.12,5.12,30.86,"N/A","N/A","02/28/2025",115,8,0,"N/A"
"https://amazon.com/dp/B0B14ZT6GT","https://m.media-amazon.com/images/I/61LjnGnjKIL._SX450_.jpg","B0B14ZT6GT","Wall Charger AC Power Adapter for Extech BR250 BR200 borescope Inspection Camera","onerbl","FBM","Industrial & Scientific",1035368,"N/A","N/A",4741640299640,"N/A","Borescopes",1583,10.84,-19,0,0,,"-","-","N/A","N/A","GreatComputerParts","China",1,3,-57,"N/A","N/A","N/A","N/A","N/A","N/A","N/A","02/28/2025",47,4,0,"N/A"
"https://amazon.com/dp/B0D97SD7Q6","https://m.media-amazon.com/images/I/71JBy7z+Q7L._SX450_.jpg","B0D97SD7Q6","Sewer Camera,197Ft/60M 512Hz Self-Leveling Pipe Inspection Camera with 9"" 1080P Monitor, Distance Counter,0.28in/7mm Thicker Cable Plumbing Snake Borescope,16GB Card","SYOWNFS","FBA","Industrial & Scientific",1038063,"N/A","N/A","N/A","N/A","Borescopes",1590,859.99,-52,0,0,-83,"-","-",1,1,"ENNIO","China",1,13,"N/A","Large bulky",18.89,15.35,11,22.26,1033.66,2584.15,"09/30/2024",21,9,4,0
"https://amazon.com/dp/B0CKRRQ5W4","https://m.media-amazon.com/images/I/61B-3gi1mfL._SX450_.jpg","B0CKRRQ5W4","Industrial Borescope, IP67 Waterproof Inspection Endoscope 640x480 Resolution USB 5V Wide Compatibility for Pipe (5M)","Airshi","FBM","Industrial & Scientific",1039971,"N/A","N/A",7394289797847,"N/A","Borescopes",1595,8.3,-33,3,1,,26.89,11.51,"N/A","N/A","hongculier-US","China",1,14,"N/A","N/A",5.12,5.12,1.57,"N/A","N/A","N/A","03/31/2025",30,9,4,"N/A"
"https://amazon.com/dp/B0D97V45MK","https://m.media-amazon.com/images/I/71JBy7z+Q7L._SX450_.jpg","B0D97V45MK","Sewer Camera,165Ft/50M 512Hz Self-Leveling Pipe Inspection Camera with 9"" 1080P Monitor, Distance Counter,0.28in/7mm Thicker Cable Plumbing Snake Borescope,16GB Card","SYOWNFS","FBA","Industrial & Scientific",1040716,"N/A","N/A","N/A","N/A","Borescopes",1596,788.49,-49,0,0,-83,"-","-",1,1,"ENNIO","China",1,13,"N/A","Large bulky",11,15.5,19,19.8,1049.84,2624.59,"09/30/2024",21,9,4,0
"https://amazon.com/dp/B0CKRRFPWY","https://m.media-amazon.com/images/I/61tphKTgZKL._SX450_.jpg","B0CKRRFPWY","Industrial Borescope, IP67 Waterproof Inspection Endoscope 640x480 Resolution USB 5V Wide Compatibility for Pipe","Airshi","FBM","Industrial & Scientific",1042556,"N/A","N/A","N/A","N/A","Borescopes",1587,8.53,"N/A",3,0,,26.89,"-","N/A","N/A","hongculier-US","China",0,14,"N/A","N/A","N/A","N/A","N/A","N/A","N/A","N/A","03/31/2025",30,9,4,"N/A"
"https://amazon.com/dp/B0F489HT24","https://m.media-amazon.com/images/I/71uWV+E0piL._SX450_.jpg","B0F489HT24","Sewer Camera,Pipe Drain Inspection Camera with DVR, Plumbing Snake Camera with Light, 7'' HD 1080P IPS Screen,16X Digital Zoom,32GB Card,100FT/30M,IP68 Waterproof Borescope for Industrial Plumber","Liwogi","FBA","Industrial & Scientific",1043095,"N/A","N/A","N/A","N/A","Borescopes",1601,299.99,-51,0,0,,"-","-","N/A","N/A","Hot car parts","China",1,0,"N/A","Large bulky",10.24,11.02,14.17,13.67,518.2,1295.49,"09/30/2025",12,9,0,"N/A"
"https://amazon.com/dp/B0CKRTVL2R","https://m.media-amazon.com/images/I/61tphKTgZKL._SX450_.jpg","B0CKRTVL2R","Industrial Borescope, IP67 Waterproof Inspection Endoscope 640x480 Resolution USB 5V Wide Compatibility for Pipe (3.5M)","Airshi","FBM","Industrial & Scientific",1043747,"N/A","N/A",7321275315754,"N/A","Borescopes",1589,8.54,-14,3,2,,26.89,15.15,"N/A","N/A","hongculier-US","China",1,14,"N/A","N/A",5.12,5.12,1.57,"N/A","N/A","N/A","03/31/2025",30,9,4,"N/A"
"https://amazon.com/dp/B0FKGNSWW8","https://m.media-amazon.com/images/I/71dQtIEOejL._SX450_.jpg","B0FKGNSWW8","Self-Leveling Sewer Camera, 200ft Cable Pipe Cameras System, HD1200TVL Stainless Steel Shell Infinitely Dimmable 12PCS LED IP68 Waterproof Inspection-Camera W/ 9-Inch Monitor, 8G Memory Card","HCYHSLH","FBM","Industrial & Scientific",1044518,758483466980,"N/A",0758483466980,"N/A","Borescopes",1600,421.66,-17,0,0,-67,"-","-","N/A","N/A","Himarll","China",1,0,"N/A","Large bulky",20.23,16.54,10.63,17.63,"N/A","N/A","01/31/2026",8,10,0,"N/A"
"https://amazon.com/dp/B0DDCTNDTF","https://m.media-amazon.com/images/I/51SCnZNpV0L._SX450_.jpg","B0DDCTNDTF","2324-21 Drain Camera, Inspection Camera, Borescope for Milwaukee M12 12V 360 Cordless M-Spector 10' Inspection Camera Kit","UDBU","FBM","Industrial & Scientific",1044960,"N/A","N/A","N/A","N/A","Borescopes",1601,599.99,13,0,0,-133,"-","-","N/A","N/A","✪Golden Alliance✪","USA",1,4,"N/A","N/A","N/A","N/A","N/A","N/A","N/A","N/A","12/31/2024",20,7,0,"N/A"
"https://amazon.com/dp/B07RYBTQPC","https://m.media-amazon.com/images/I/613iRlNhcLL._SX450_.jpg","B07RYBTQPC","Dino-Lite Medical Trichoscope | Dino-Med Edge Series | USB Only | AF4115ZT(W)-T","Dino-Lite","FBM","Industrial & Scientific",1054468,728795351236,"N/A",0728795351236,"N/A","Borescopes",1600,669,-26,0,0,-33,"-","-",0,"N/A","MediScope","USA",1,17,-65,"N/A","N/A","N/A","N/A","N/A","N/A","N/A","10/31/2024",26,7,2,"N/A"
"https://amazon.com/dp/B019RAUAHG","https://m.media-amazon.com/images/I/51-qvFymdnS._SX450_.jpg","B019RAUAHG","HHIP 8902-0065 Wired Borescope with LCD Monitor, 9 mm Camera Head","HHIP","Amazon","Industrial & Scientific",1055391,769053067568,00769053067568,0769053067568,"N/A","Borescopes",1599,123.87,819,0,0,300,"-","-","N/A","N/A","Amazon","N/A",4,6,"N/A","Large Standard-Size",3.31,11.46,15.47,1.53,"N/A","N/A","05/31/2025",153,7,0,"N/A"
"https://amazon.com/dp/B0DFYYPLQS","https://m.media-amazon.com/images/I/61LSxgVjBbL._SX450_.jpg","B0DFYYPLQS","Industrial Borescope Camera 7mm Diameter 2m Cable USB-C 2MP for Pipeline Inspection Aluminum Alloy","Bewinner","FBA","Industrial & Scientific",1055962,"N/A","N/A","N/A","N/A","Borescopes",1610,13.44,-31,0,0,-25,"-","-","N/A","N/A","Bewinner","China",2,8,"N/A","Small Standard-Size",5.12,4.72,0.39,0.11,4.79,13.22,"08/31/2025",19,9,0,"N/A"
"https://amazon.com/dp/B09Q6DPQ7Z","https://m.media-amazon.com/images/I/41dkXRUBPwL._SX450_.jpg","B09Q6DPQ7Z","Vividia VS-749Bplus All-in-One Pipe Sewer Drain Tube Video Inspection Camera with 7"" Portable Screen 115ft (35m) Push-Rod Cable and 23mm Waterproof Camera with Self-Leveling and Built-in 512Hz Sonde","VIVIDIA","FBM","Industrial & Scientific",1059860,"N/A","N/A","N/A","N/A","Borescopes",1603,2599,-30,0,0,,"-","-",2,5,"Oasis Scientific Inc.","USA",1,7,40,"N/A","N/A","N/A","N/A","N/A","N/A","N/A","10/31/2025",62,9,0,0
"https://amazon.com/dp/B0D14SJ93Q","https://m.media-amazon.com/images/I/41ndRGy5osL._SX450_.jpg","B0D14SJ93Q","3.9mm Borescope High Definition Inspection Camera, 6 LED Lights Flexible Endoscope Camera for Car Industry (Soft Cord 1m)","Fafeicy","FBM","Industrial & Scientific",1066902,"N/A","N/A","N/A","N/A","Borescopes",1609,20.79,-53,0,0,100,"-","-",1,1,"Omuuy","China",1,1,"N/A","Large Standard-Size",4.72,4.72,1.57,0.15,"N/A","N/A","11/30/2024",24,9,0,0.18
"https://amazon.com/dp/B0FQTHB551","https://m.media-amazon.com/images/I/618wRIgmkSL._SX450_.jpg","B0FQTHB551","HD Pure Cable Coil of Sanyipace Sewer Camera Devices, Length 100FT/30M, Diameter 0.28in/7mm, Excluding Coil Frame","Sanyipace","FBM","Industrial & Scientific",1073908,"N/A","N/A","N/A","N/A","Borescopes",1618,259.99,"N/A",0,0,-143,"-","-",1,5,"Urselection","China",1,0,"N/A","N/A","N/A","N/A","N/A","N/A","N/A","N/A","09/30/2025",7,2,12,0
"https://amazon.com/dp/B0CMD25GSF","https://m.media-amazon.com/images/I/71C9UkiufBL._SX450_.jpg","B0CMD25GSF","Dodoam Sewer Camera, 200FT, 9"" Screen Pipeline Inspection Camera with DVR Function & 8 GB SD Card, Waterproof IP68 Borescope w/LED Lights, Industrial Endoscope（US Stock）","Dodoam","FBM","Industrial & Scientific",1075522,"N/A","N/A","N/A","N/A","Borescopes",1619,469.99,-28,0,0,,"-","-","N/A","N/A","ChiLizi","China",1,0,"N/A","N/A","N/A","N/A","N/A","N/A","N/A","N/A","09/30/2025",29,9,0,"N/A"
"https://amazon.com/dp/B0FTVQQX5L","https://m.media-amazon.com/images/I/81h6y3yAs0L._SX450_.jpg","B0FTVQQX5L","Sewer Camera Self-Leveling, Distance Counter, 200Ft Pipe Inspection Camera for Ducts/Walls/Rivers/Caves, Precise Fault Detection, Cut Excavation Costs, 10” HD, 7MM Cable, IP68, Handle/Wheels/Keyboard","SumKea","FBM","Industrial & Scientific",1075996,774882258605,"N/A",0774882258605,"N/A","Borescopes",1622,1399.98,"N/A",1,0,,1793.96,"-",2,5,"SumKea","China",1,0,"N/A","Extra-large 70+ to 150 lb",29.9,25.49,14.1,51.1,"N/A","N/A","01/31/2026",3,9,4,0.5
"https://amazon.com/dp/B0FTVQVM8K","https://m.media-amazon.com/images/I/81RV2y-XwnL._SX450_.jpg","B0FTVQVM8K","Sewer Camera Self-Leveling, 10""HD Pipe Inspection Camera, Sewer Line Inspection, 7MM Cable 250Ft Pipeline Inspections, Self Leveling Sewer Cameras, Distance Counter, DVR, 32GB, 5100mAh Battery","SumKea","FBM","Industrial & Scientific",1075996,774882258629,"N/A",0774882258629,"N/A","Borescopes",1621,1499.98,"N/A",1,0,,1793.96,"-",2,5,"SumKea","China",1,0,"N/A","Extra-large 70+ to 150 lb",29.9,25.5,14.09,53.2,"N/A","N/A","01/31/2026",3,9,4,0.5
"https://amazon.com/dp/B08J27J2QY","https://m.media-amazon.com/images/I/71CkgU4Tq-L._SX450_.jpg","B08J27J2QY","Vividia AbleScope VA-408 USB Rigid Long Articulating Borescope with 180 Degree One-Way Articulation 8.5mm Diameter and 31 Inch Long Probe and 1280x720 Pixel Resolution (VA-408 and LCD Screen)","VIVIDIA","FBM","Industrial & Scientific",1076590,"N/A","N/A","N/A","N/A","Borescopes",1608,649.98,7,1,0,-75,314.93,"-","N/A","N/A","Oasis Scientific Inc.","USA",1,6,"N/A","N/A","N/A","N/A","N/A","N/A","N/A","N/A","04/30/2024",67,6,3,"N/A"
"https://amazon.com/dp/B0CSJQMN4F","https://m.media-amazon.com/images/I/81qUOdf6+mL._SX450_.jpg","B0CSJQMN4F","JINXINEBAY Sewer Camera,Self-Leveling,512Hz Transmitter,10'' IPS Monitor,98.4ft Industrial Endoscope,0.28in/7mm Fiberglass Cable,1080P IP68 Waterproof Pipe Inspection Camera with DVR and 16GB Card","JINXINEBAY","FBA","Industrial & Scientific",1078496,"N/A","N/A","N/A","N/A","Borescopes",1621,599.99,-27,0,0,-140,"-","-","N/A","N/A","JINXINEBAY Store","China",1,0,"N/A","Large bulky",17.4,15.6,21,30.8,1847.3,4618.25,"11/30/2025",27,7,0,"N/A"
"https://amazon.com/dp/B08J1SHSCJ","https://m.media-amazon.com/images/I/51F1WzQvy7L._SX450_.jpg","B08J1SHSCJ","Vividia AbleScope VA-408 USB Rigid Long Articulating Borescope with 180 Degree One-Way Articulation 8.5mm Diameter and 31 Inch Long Probe and 1280x720 Pixel Resolution (VA-408 USB only)","VIVIDIA","FBM","Industrial & Scientific",1078946,"N/A","N/A","N/A","N/A","Borescopes",1608,499.98,-27,1,0,-75,314.93,"-","N/A","N/A","Oasis Scientific Inc.","USA",1,6,"N/A","N/A","N/A","N/A","N/A","N/A","N/A","N/A","04/30/2024",67,8,3,"N/A"
"https://amazon.com/dp/B08J1Y8QHK","https://m.media-amazon.com/images/I/51F1WzQvy7L._SX450_.jpg","B08J1Y8QHK","Vividia AbleScope VA-408 USB Rigid Long Articulating Borescope with 180 Degree One-Way Articulation 8.5mm Diameter and 31 Inch Long Probe and 1280x720 Pixel Resolution (VA-408 and WiFi Box)","VIVIDIA","FBM","Industrial & Scientific",1078946,"N/A","N/A","N/A","N/A","Borescopes",1608,579.98,-1,1,0,-75,314.93,"-","N/A","N/A","Oasis Scientific Inc.","USA",1,6,"N/A","N/A","N/A","N/A","N/A","N/A","N/A","N/A","04/30/2024",67,7,3,"N/A"
"https://amazon.com/dp/B0FJ543JXH","https://m.media-amazon.com/images/I/717R9wvDaJL._SX450_.jpg","B0FJ543JXH","Sewer Camera 100ft,SPRIDRAIN Drain Pipe Camera HD 5in Screen with 32GB DVR,Waterproof IP68 Works Underwater Up to 10Meters Sewer Inspection borescopes for Plumber(Fits Pipes>0.7"" Diameter,100ft/30M)","SPRIDRAIN","FBM","Industrial & Scientific",1080115,"N/A","N/A","N/A","N/A","Borescopes",1626,259.99,26,0,0,,"-","-",1,5,"SYANSPAN TECH","China",1,0,"N/A","Large Standard-Size",11.2,8,12,11,"N/A","N/A","10/31/2025",7,8,0,0
"https://amazon.com/dp/B0GLQ5LGC9","https://m.media-amazon.com/images/I/612mlcA5HwL._SX450_.jpg","B0GLQ5LGC9","Endoscope Inspection Camera for Phone, Phone Borescope with 6 LED Lights Adjustable, 3.3ft Flexible Cable, IP67 Waterproof, Portable Inspection Camera for Engine, Plumbing and Car Repair","Basyurity","FBM","Industrial & Scientific",1081757,"N/A","N/A","N/A","N/A","Borescopes",1630,9.65,-16,1,1,,5.14,5.1,"N/A","N/A","besike","China",1,0,"N/A","Large Standard-Size",5.91,5.91,1.97,0.15,"N/A","N/A","01/31/2026",2,9,3,"N/A"
"https://amazon.com/dp/B0FTVMGXSL","https://m.media-amazon.com/images/I/81otj6db8eL._SX450_.jpg","B0FTVMGXSL","Sewer Camera Self-Leveling, 200Ft Pipe Inspection Camera for Ducts/Walls/Rivers/Caves, Precise Fault Detection, Cut Excavation Costs, Distance Counter, 10” HD, IP68, Handle/Wheels/Keyboard, DVR, 5X","SumKea","FBM","Industrial & Scientific",1083246,774882258650,"N/A",0774882258650,"N/A","Borescopes",1628,1949.99,"N/A",1,0,,1793.96,"-","N/A","N/A","SumKea","China",1,0,"N/A","Extra-large 70+ to 150 lb",29.9,25.5,14.1,55.1,"N/A","N/A","01/31/2026",3,9,4,"N/A"
"https://amazon.com/dp/B0FTVP8PXW","https://m.media-amazon.com/images/I/813kf-0hG+L._SX450_.jpg","B0FTVP8PXW","250Ft Drain Camera Self-Leveling for HVAC/Pool, High-Rise Drains, Pros & DIYers, Retractable Handle and Wheels for Municipal Engineering Oil/Gas Pipeline Construction Sites, 10'' HD, IP68, 7MM Cable","SumKea","FBM","Industrial & Scientific",1083332,774882258667,"N/A",0774882258667,"N/A","Borescopes",1628,2049.99,"N/A",1,0,,1793.96,"-",2,5,"SumKea","China",1,0,"N/A","Extra-large 70+ to 150 lb",29.9,25.5,14.1,57.3,"N/A","N/A","01/31/2026",3,9,4,0.5
"https://amazon.com/dp/B003629WRQ","https://m.media-amazon.com/images/I/31jFVSq9FlL._SX450_.jpg","B003629WRQ","Solar Eclipse SE001CAM Wall and Pipe Inspection Camera with 2.4"" Color LCD Monitor","Solar Eclipse","FBM","Industrial & Scientific",1083681,989898181353,"N/A",0989898181353,"N/A","Borescopes",1613,69.98,-16,0,0,-200,"-","-",216,4.1,"Oasis Scientific Inc.","USA",1,2,-80,"Large Standard-Size",14.9,11.5,3.2,1.55,"N/A","N/A","09/30/2024",194,6,0,0
"https://amazon.com/dp/B0CMV7M4JG","https://m.media-amazon.com/images/I/71aDB50loAL._SX450_.jpg","B0CMV7M4JG","5in LCD Industrial Endoscope Borescope Handheld Inspection Camera Borescope IP67 for Car Maintenance, Pipelin Repair, Mechanical Inspection (10m / 32.8ft)","Hilitand","FBA","Industrial & Scientific",1095356,"N/A","N/A","N/A","N/A","Borescopes",1621,58.96,-10,0,0,-133,"-","-","N/A","N/A","Simangy","China",2,12,500,"Large Standard-Size",1.85,7.48,10.28,1.52,71.61,197.54,"05/31/2025",29,9,1,"N/A"
"https://amazon.com/dp/B07PWYL7YW","https://m.media-amazon.com/images/I/61F06wD7+GL._SX450_.jpg","B07PWYL7YW","Vividia ME-610 Industrial Automotive Articulating Videoscope Borescope Inspection Camera with Detachable 6mm x 1m Joystick-Controlled 360 Degree Articulation Probe","VIVIDIA","FBM","Industrial & Scientific",1096257,"N/A","N/A","N/A","N/A","Borescopes",1623,1299.98,18,0,0,-120,"-","-",3,4.3,"Oasis Scientific Inc.","USA",1,3,-57,"N/A","N/A","N/A","N/A","N/A","N/A","N/A","10/31/2024",84,7,0,0
"https://amazon.com/dp/B0FK5LD87G","https://m.media-amazon.com/images/I/71V0MCbAGhL._SX450_.jpg","B0FK5LD87G","Sewer Camera, Self-Leveling Distance Counter Borescope Pipe Inspection Camera with Pull Rod,9"" HD 1080P Screen DVR/Audio Recorder 32G Card 7mm Cable Plumbing Snake Endoscope IP68 Waterproof","SYOWNFS","FBA","Industrial & Scientific",1096540,"N/A","N/A","N/A","N/A","Borescopes",1636,883.49,-19,0,0,-133,"-","-","N/A","N/A","ENNIO","China",1,0,"N/A","Large bulky",12.5,16,20.5,25.15,1328.7,3321.76,"10/31/2025",8,7,4,"N/A"
"https://amazon.com/dp/B0DGXP7DHW","https://m.media-amazon.com/images/I/51vKDFGTpYL._SX450_.jpg","B0DGXP7DHW","NIHUIFA Borescope Endoscope Camera with Light Snake Cameras Inspection Cameras with Adjustable LED Light","NIHUIFA","FBM","Industrial & Scientific",1100101,"N/A","N/A",7679970003002,"N/A","Borescopes",1635,9.99,-9,0,0,50,"-","-","N/A","N/A","LIuquei","China",1,9,"N/A","N/A","N/A","N/A","N/A","N/A","N/A","N/A","11/30/2024",19,9,3,"N/A"
"https://amazon.com/dp/B0DCKGQPZ1","https://m.media-amazon.com/images/I/51GeII-n9DL._SX450_.jpg","B0DCKGQPZ1","7mm Endoscope Camera, USB Inspection Camera with Type C, USB, and MicroUSB Interfaces, 2m Snake HD Video Borescope Compatible with Phone and Tablet","Serounder","FBM","Industrial & Scientific",1100296,"N/A","N/A","N/A","N/A","Borescopes",1637,12.73,-35,0,0,33,"-","-","N/A","N/A","Serounder-m","China",1,4,"N/A","Small Standard-Size",5.12,4.72,0.39,0.11,"N/A","N/A","09/30/2024",20,9,0,"N/A"
"https://amazon.com/dp/B0DGXPF1G5","https://m.media-amazon.com/images/I/51vKDFGTpYL._SX450_.jpg","B0DGXPF1G5","NIHUIFA Borescope Endoscope Camera with Light Snake Cameras Inspection Cameras with Adjustable LED Light","NIHUIFA","FBM","Industrial & Scientific",1102690,"N/A","N/A",7679970002906,"N/A","Borescopes",1640,13.99,-34,0,0,50,"-","-","N/A","N/A","LIuquei","China",1,9,"N/A","N/A","N/A","N/A","N/A","N/A","N/A","N/A","11/30/2024",16,9,3,"N/A"
"https://amazon.com/dp/B0CZ3W6W7B","https://m.media-amazon.com/images/I/41bk8342ZAL._SX450_.jpg","B0CZ3W6W7B","Kircuit USB-C 5V AC/DC Adapter Compatible with DEPSTECH DS520 USDS520DL USDS520DL-15 Dual Lens Borescope Sewer Inspection Camera Endoscope 5"" Screen Pipe Snake 5VDC Power Supply Cord Battery Charger","Kircuit","FBM","Industrial & Scientific",1103452,"N/A","N/A","N/A","N/A","Borescopes",1639,14.79,-13,1,1,-120,15.42,15.37,"N/A","N/A","EPtech","USA",1,3,"N/A","N/A","N/A","N/A","N/A","N/A","N/A","N/A","01/31/2025",24,1,0,"N/A"
"https://amazon.com/dp/B0DGXHW6JJ","https://m.media-amazon.com/images/I/51vKDFGTpYL._SX450_.jpg","B0DGXHW6JJ","NIHUIFA Borescope Endoscope Camera with Light Snake Cameras Inspection Cameras with Adjustable LED Light","NIHUIFA","FBM","Industrial & Scientific",1103712,"N/A","N/A",7679970003019,"N/A","Borescopes",1639,8.99,-12,0,0,50,"-","-","N/A","N/A","LIuquei","China",1,9,"N/A","N/A","N/A","N/A","N/A","N/A","N/A","N/A","11/30/2024",15,9,3,"N/A"
"https://amazon.com/dp/B07YD2RJQF","https://m.media-amazon.com/images/I/419RbcIfmcL._SX450_.jpg","B07YD2RJQF","WiFi 3.9mm 2MP Telephoto Borescopes Endoscope Waterproof USB Pipe Car Inspection Camera 3 cm-8 cm Focal 6 White LED Bright Light Support Android, Windows & MacBook PC, iOS (1M)","visiPower","FBM","Industrial & Scientific",1104961,"N/A","N/A","N/A","N/A","Borescopes",1630,30,-15,0,0,,"-","-","N/A","N/A","YZY TECH","China",1,6,"N/A","N/A","N/A","N/A","N/A","N/A","N/A","N/A","11/30/2024",78,9,3,"N/A"
"https://amazon.com/dp/B0D99PRPLG","https://m.media-amazon.com/images/I/41rwKoe1ILL._SX450_.jpg","B0D99PRPLG","Vividia TVS-810 Telescopic Pole Video Inspection Camera Borescope System 8 Meter (26 FT) Long with DVR Recording, 10"" LCD Screen and Sturdy Case","VIVIDIA","FBM","Industrial & Scientific",1106482,"N/A","N/A","N/A","N/A","Borescopes",1641,2399.98,-35,0,0,,"-","-","N/A","N/A","Oasis Scientific Inc.","USA",1,0,"N/A","N/A","N/A","N/A","N/A","N/A","N/A","N/A","10/31/2025",36,9,0,"N/A"
"https://amazon.com/dp/B00LDZ20WW","https://m.media-amazon.com/images/I/71-n+zgtEhL._SX450_.jpg","B00LDZ20WW","Vividia Mini 3.9mm Photo & Video Recordable Flexible Inspection Camera Borescope Endoscope with Wireless 3.5"" LCD Monitor","VIVIDIA","FBM","Industrial & Scientific",1107567,759119543679,"N/A",0759119543679,"N/A","Borescopes",1627,269.98,-12,0,0,,"-","-",1,3,"Oasis Scientific Inc.","USA",1,3,-57,"N/A","N/A","N/A","N/A","N/A","N/A","N/A","07/31/2024",141,9,0,0
"https://amazon.com/dp/B0GG9LFJPJ","https://m.media-amazon.com/images/I/51vKDFGTpYL._SX450_.jpg","B0GG9LFJPJ","Endoscope Camera with Light, Plug and Play Borescope Camera with 6 Adjustable LED Light, IP67 Water-Proof with Semi-Rigid Snake Cable for Androi-d","ioseecj","FBM","Industrial & Scientific",1108411,"N/A","N/A",7797180034705,"N/A","Borescopes",1645,7.99,2,1,1,,5.98,5.91,"N/A","N/A","Shuyingkjgsbs","N/A",1,0,"N/A","N/A","N/A","N/A","N/A","N/A","N/A","N/A","01/31/2026",3,9,11,"N/A"
"https://amazon.com/dp/B0DPRHDXQG","https://m.media-amazon.com/images/I/61rTFC-FsSL._SX450_.jpg","B0DPRHDXQG","ROYALEAD USB Phone Inspections Camera, Portable Borescope, Portable Inspections Camera, Black, Waterproof, 640x480 Resolution, For Auto Repairs, Equipment Maintenance, Household Tasks","ROYALEAD","FBM","Industrial & Scientific",1109519,"N/A","N/A",7696920079559,"N/A","Borescopes",1645,8.98,-9,0,0,-133,"-","-","N/A","N/A","HEziej","China",1,0,"N/A","N/A","N/A","N/A","N/A","N/A","N/A","N/A","06/30/2025",16,9,3,"N/A"
"https://amazon.com/dp/B0C7LV1WSY","https://m.media-amazon.com/images/I/71A2KD+dZAL._SX450_.jpg","B0C7LV1WSY","Vividia CXM-6010 Flexible Joystick Articulation Video Borescope 1 Meter Long Videoscope Inspection Camera Endoscope with 4.5"" LCD Monitor (6mm Camera Head Diameter)","VIVIDIA","FBM","Industrial & Scientific",1115996,"N/A","N/A","N/A","N/A","Borescopes",1651,799.98,-11,0,0,,"-","-","N/A","N/A","Oasis Scientific Inc.","USA",1,6,-25,"Large bulky",20.5,16,6,12,"N/A","N/A","07/31/2024",66,9,2,"N/A"
"https://amazon.com/dp/B0CNV5RBBH","https://m.media-amazon.com/images/I/71DLXTycWkL._SX450_.jpg","B0CNV5RBBH","BoxWave Screen Protector Compatible with Depstech Triple Lens borescope Inspection Camera (5 in) - ClearTouch Anti-Glare (2-Pack), Anti-Fingerprint Matte Film Skin","BoxWave","FBM","Industrial & Scientific",1117825,"N/A","N/A","N/A","N/A","Borescopes",1638,14.95,-12,0,0,,"-","-","N/A","N/A","BoxWave Corporation","USA",1,5,"N/A","N/A","N/A","N/A","N/A","N/A","N/A","N/A","03/31/2025",29,7,0,"N/A"
"https://amazon.com/dp/B0CCS47QP1","https://m.media-amazon.com/images/I/71lypjjOvuL._SX450_.jpg","B0CCS47QP1","Sewer Camera,SYANSPAN 4.3""Pipe Drain Inspection Camera with Red Fiberglass Stiff Snake Cable,Dia 17mm Borescope w/LED Lights,Industrial Endoscope for Drain Pipe Plumbing(No DVR,66ft/20M)","SYANSPAN","FBM","Industrial & Scientific",1118827,"N/A","N/A","N/A","N/A","Borescopes",1651,223.99,-17,1,0,-100,265.6,"-","N/A","N/A","pipe camera","China",1,15,-17,"Large Standard-Size",12.6,6.3,12.99,7.72,"N/A","N/A","08/31/2025",32,7,20,"N/A"
"https://amazon.com/dp/B0DTRS2K13","https://m.media-amazon.com/images/I/71JTkKugFwL._SX450_.jpg","B0DTRS2K13","BoxWave Screen Protector Compatible with Depstech Triple Lens borescope (7 in) - ClearTouch ImpactShield (2-Pack), Impenetrable Screen Protector Flexible Film","BoxWave","FBM","Industrial & Scientific",1122624,"N/A","N/A","N/A","N/A","Borescopes",1654,31.95,-1,0,0,200,"-","-","N/A","N/A","BoxWave Corporation","USA",1,4,"N/A","N/A","N/A","N/A","N/A","N/A","N/A","N/A","01/31/2025",25,9,0,"N/A"
"https://amazon.com/dp/B0DTLFY4BW","https://m.media-amazon.com/images/I/51mQBWbqTwL._SX450_.jpg","B0DTLFY4BW","Endoscope Camera Mobile Phone PC USB Type C 3 in 1 for Android with LED Light for Automobile 5meter Hard Wire 5.5mm","KIMISS","FBA","Industrial & Scientific",1125076,"N/A","N/A","N/A","N/A","Borescopes",1656,14.02,-22,0,0,,"-","-","N/A","N/A","Jazutaq","China",2,0,"N/A","Large Standard-Size",5.12,4.72,1.97,0.36,23.96,66.11,"-",14,9,0,"N/A"
"https://amazon.com/dp/B00Z19DSWW","https://m.media-amazon.com/images/I/61lu0NilCSL._SX450_.jpg","B00Z19DSWW","General Tools DCS660A Wet/Dry Recording Video Inspection System with 1 Meter Long & 8mm Diameter Camera Tipped Probe","General Tools","FBM","Industrial & Scientific",1128210,681035017470,00681035017470,0681035017470,"N/A","Borescopes",1645,164.03,-46,0,0,,"-","-",2,4.7,"Autoplicity ✅","USA",4,3,"N/A","Large Standard-Size",4.88,10.71,13.23,3.45,"N/A","N/A","02/28/2025",130,7,0,0
"https://amazon.com/dp/B08PDNH3LV","https://m.media-amazon.com/images/I/619dbx274XL._SX450_.jpg","B08PDNH3LV","Lyman Borecam Pro: Wireless Bore Camera","Lyman","FBM","Industrial & Scientific",1130187,011516040596,"N/A",0011516040596,"N/A","Borescopes",1641,309.99,-5,0,0,,"-","-",5,2.5,"OnAdventure","USA",1,0,"N/A","Large bulky",2.5,3.5,29.5,1.4,"N/A","N/A","03/31/2024",64,4,0,0
"https://amazon.com/dp/B0B3D9MBS9","https://m.media-amazon.com/images/I/61cDDW3iynL._SX450_.jpg","B0B3D9MBS9","Sanyipace Sewer Camera Drain Camera Battery Box for Sewer Camera, 4500mAh Rechargeable, Accessories for Sanyipace 7-inch Drain Camera","Sanyipace","FBA","Industrial & Scientific",1134083,"N/A","N/A","N/A","N/A","Borescopes",1647,129.99,"N/A",0,3,,"-",635.05,34,4,"Urselection","China",1,0,"N/A","Large bulky",10,10,10,11.02,324.07,810.19,"-",45,7,0,0
"https://amazon.com/dp/B0792F5YN9","https://m.media-amazon.com/images/I/71Nc0t-PjcL._SX450_.jpg","B0792F5YN9","Omnihil AC/DC Power Adapter Compatible with General Tools DCS1800 Wireless Video Borescope System Power Supply","OMNIHIL","FBM","Industrial & Scientific",1137574,665611164932,"N/A",0665611164932,"N/A","Borescopes",1648,14.96,-33,0,0,,"-","-","N/A","N/A","OMNIHIL","USA",1,3,-25,"Large Standard-Size",3,2,2,0.31,"N/A","N/A","10/31/2025",99,5,0,"N/A"
"https://amazon.com/dp/B0DPHZ3VMV","https://m.media-amazon.com/images/I/613WnwAKzJL._SX450_.jpg","B0DPHZ3VMV","Endoscope Camera with Light, 3.9MM Type C/USB HD Borescope Inspection Camera, 15-20mm Depth of Field, Wide Angle Borescope Camera","Gugxiom","FBA","Industrial & Scientific",1137626,"N/A","N/A","N/A","N/A","Borescopes",1669,96.13,90,0,0,,"-","-","N/A","N/A","Xicchekai","China",2,0,"N/A","Large Standard-Size",5.51,5.12,1.57,0.17,22.37,61.7,"-",16,9,0,"N/A"
"https://amazon.com/dp/B0BGVKMLDF","https://m.media-amazon.com/images/I/61fEwiZOYvL._SX450_.jpg","B0BGVKMLDF","Vividia DA-2812 LCD/WiFi Flexible Joystick Articulating Inspection Camera Borescope Videoscope with 2.8mm (0.11"") Diameter 1.2m (3.9ft) Long Waterproof IP67 Probe","VIVIDIA","FBM","Industrial & Scientific",1139528,"N/A","N/A","N/A","N/A","Borescopes",1649,3999.98,-24,0,0,,"-","-","N/A","N/A","Oasis Scientific Inc.","USA",1,4,"N/A","N/A","N/A","N/A","N/A","N/A","N/A","N/A","04/30/2025",51,9,0,"N/A"
"https://amazon.com/dp/B0CTJ4DB4L","https://m.media-amazon.com/images/I/71aDB50loAL._SX450_.jpg","B0CTJ4DB4L","Inspection Camera, Inspection Camera 5.5mm, Digital Endoscope 4.3inch Screen, 1080P, 11.5FT Cable, Automotive Plumbing, Borescopes (10m / 32.8ft)","Hilitand","FBM","Industrial & Scientific",1141109,"N/A","N/A","N/A","N/A","Borescopes",1667,72.32,-20,0,0,,"-","-","N/A","N/A","Simangy","China",1,0,"N/A","Small Standard-Size",0.39,0.39,0.39,0,"N/A","N/A","07/31/2025",26,9,0,"N/A"
"https://amazon.com/dp/B008UCZBT0","https://m.media-amazon.com/images/I/41SYPIe5obL._SX450_.jpg","B008UCZBT0","Vividia USB Flexible Inspection Camera Borescope Endoscope with 5x Zoom Function and 11.2mm Camera Head Outer Diameter","VIVIDIA","FBM","Industrial & Scientific",1141562,858499002544,"N/A",0858499002544,"N/A","Borescopes",1651,49.98,-19,0,0,,"-","-",4,2.8,"Oasis Scientific Inc.","USA",1,3,200,"Large Standard-Size",14,8.5,2.4,2.55,"N/A","N/A","07/31/2025",164,7,0,0
"https://amazon.com/dp/B007ROP3FO","https://m.media-amazon.com/images/I/41eJFgtZucL._SX450_.jpg","B007ROP3FO","Supereyes 7 mm 100X Waterproof USB Borescope Endoscope Flexible Inspection Camera with LED","Supereyes","FBA","Industrial & Scientific",1146444,848454011353,"N/A",0848454011353,"N/A","Borescopes",1654,39.9,-14,1,1,,48.64,48.61,102,4,"Supereyes Official","China",2,3,"N/A","Large Standard-Size",7.2,5,2.7,0.95,48.94,135,"02/28/2025",168,7,0,0.01
"https://amazon.com/dp/B0B5Z5P64N","https://m.media-amazon.com/images/I/61JbyKZxw8L._SX450_.jpg","B0B5Z5P64N","Cuifati 512hz Sewer Camera Locator, 512hz Pipe Locator Receiver and Transmitter for Sewer Camera, 5 Meters/6 Level Signal Strength/10 Hours Working","Cuifati","FBM","Industrial & Scientific",1148005,"N/A","N/A","N/A","N/A","Borescopes",1678,200.01,"N/A",0,0,,"-","-",2,1,"Cuifati3","China",0,5,"N/A","Large bulky",21.65,4.33,2.76,1.55,"N/A","N/A","08/31/2024",45,9,1,0
"https://amazon.com/dp/B0F62NZLTC","https://m.media-amazon.com/images/I/61vRawdBDKL._SX450_.jpg","B0F62NZLTC","Danculpe Two-Way Articulating Borescope Camera with Light, Endoscope Inspection Camera with 3.3FT Semi-Rigid Probe, IP67 Waterproof Inspection, Flexible Snake Scope for Home Repair, Automotive","Danculpe","FBA","Industrial & Scientific",1148277,"N/A","N/A","N/A","N/A","Borescopes",1665,43.99,102,0,0,,"-","-",1,1,"hainanshengtianaikejiyouxiangongsi","China",1,0,"N/A","Large Standard-Size",3.39,9.96,15.94,2.25,270.97,747.51,"01/31/2026",11,7,0,0
"https://amazon.com/dp/B0DJ83168F","https://m.media-amazon.com/images/I/61rTFC-FsSL._SX450_.jpg","B0DJ83168F","wengjack USB Phone Inspections Camera Endoscope USB Inspections Camera Inspections Camera","wengjack","FBM","Industrial & Scientific",1150470,"N/A","N/A",7683000242446,"N/A","Borescopes",1674,10.99,-10,0,0,-150,"-","-","N/A","N/A","RongShuLi203","N/A",2,0,"N/A","N/A","N/A","N/A","N/A","N/A","N/A","N/A","12/31/2025",6,9,0,"N/A"
"https://amazon.com/dp/B0DGPPZX3D","https://m.media-amazon.com/images/I/61-Boh-bcUL._SX450_.jpg","B0DGPPZX3D","YUELER Endoscope Inspect Camera Waterproof Borescope Scope Camera with LED Lights USB Connecting for","YUELER","FBM","Industrial & Scientific",1151132,"N/A","N/A",7671930043486,"N/A","Borescopes",1668,16.99,-40,1,1,-43,19.21,19.17,"N/A","N/A","RUImiand","China",1,11,"N/A","N/A","N/A","N/A","N/A","N/A","N/A","N/A","01/31/2026",19,9,10,"N/A"
"https://amazon.com/dp/B0F3VYBY11","https://m.media-amazon.com/images/I/71UW4923c+L._SX450_.jpg","B0F3VYBY11","SYANSPAN Sewer Camera with WiFi,9inch Monitor,23MM/0.9In Plumbing Bores Cope borescopes,Waterproof Snake Camera with 12 Light Meter Counter for 1Inch Pipe or Bigger(30M/98FT)","SYANSPAN","FBA","Industrial & Scientific",1152812,"N/A","N/A","N/A","N/A","Borescopes",1674,320,7,2,1,50,788.95,370.04,4,5,"pipe camera","China",2,0,"N/A","Large bulky",6.97,14.92,16.45,12.17,554.39,1385.96,"10/31/2025",12,1,6,0.58
"https://amazon.com/dp/B0DZHMR933","https://m.media-amazon.com/images/I/71pVUgAkK4L._SX450_.jpg","B0DZHMR933","SYANSPAN Sewer Camera,7inch 8GB DVR Monitor,23MM/0.9In Plumbing Bores Cope borescopes,Waterproof Drain Inspection Camera with 12 Light Meter Counter for 1Inch 2Inch Pipe or Bigger(20M/66FT)","SYANSPAN","FBM","Industrial & Scientific",1156330,"N/A","N/A","N/A","N/A","Borescopes",1679,369,6,2,1,50,788.95,208.82,4,5,"pipe camera","China",1,0,"N/A","Large bulky",7.09,14.88,15.91,10.85,"N/A","N/A","10/31/2025",13,8,6,0.58
"https://amazon.com/dp/B0DZHP2ZXX","https://m.media-amazon.com/images/I/41sr1v5Z6uL._SX450_.jpg","B0DZHP2ZXX","Sewer Camera 66FT,9inch 8GB DVR Monitor,23MM/0.9"" Plumbing Bores Cope Camera,Waterproof Drain Inspection borescopes with 12 Light Meter Counter for Pipes Larger Than 1Inch(20M/66FT)","SYANSPAN","FBM","Industrial & Scientific",1156594,"N/A","N/A","N/A","N/A","Borescopes",1679,369,2,2,1,50,788.95,209.91,4,5,"pipe camera","China",1,0,"N/A","Large bulky",7,15,16,11.1,"N/A","N/A","10/31/2025",13,9,6,0.58
"https://amazon.com/dp/B0C14788YZ","https://m.media-amazon.com/images/I/71sZPUndCWL._SX450_.jpg","B0C14788YZ","Sewer Camera 100ft Sewer Inspection Camera with Distance Counter and Keyboard 7"" Screen IP68 Waterproof Industrial Endoscope Snake Camera 17MM Drain Pipe Inspection Camera","ESANHAO","FBA","Industrial & Scientific",1159032,614019415498,"N/A",0614019415498,"N/A","Borescopes",1666,599.99,-32,0,0,,"-","-",15,4,"ESANHAO","China",1,3,"N/A","Large bulky",9,14.05,16.75,18.05,686.4,1716,"08/31/2024",36,8,0,0
"https://amazon.com/dp/B0C7LV2PLL","https://m.media-amazon.com/images/I/71A2KD+dZAL._SX450_.jpg","B0C7LV2PLL","Vividia CXM-4010 Flexible Joystick Articulation Video Borescope 1 Meter Long Videoscope Inspection Camera Endoscope with 4.5"" LCD Monitor (4mm Camera Head Diameter)","VIVIDIA","FBM","Industrial & Scientific",1160390,"N/A","N/A","N/A","N/A","Borescopes",1668,999.98,-19,0,0,,"-","-","N/A","N/A","Oasis Scientific Inc.","USA",1,6,-25,"Large bulky",20.5,16,6,12,"N/A","N/A","07/31/2024",66,9,2,"N/A"
"https://amazon.com/dp/B07SGNF588","https://m.media-amazon.com/images/I/61nRqwa+cxL._SX450_.jpg","B07SGNF588","Vividia GB-430 USB Digital Manual Focus Gun Barrel Borescope Endoscope Videoscope Inspection Camera with 4mm (0.158"") Diameter and 12"" (30 cm) Long Insertion Tube","VIVIDIA","FBM","Industrial & Scientific",1162514,"N/A","N/A","N/A","N/A","Borescopes",1666,249.98,-27,0,0,-133,"-","-",0,"N/A","Oasis Scientific Inc.","USA",1,5,150,"N/A","N/A","N/A","N/A","N/A","N/A","N/A","04/30/2025",82,9,0,"N/A"
"https://amazon.com/dp/B0CVZVDNMP","https://m.media-amazon.com/images/I/713L7km2+-L._SX450_.jpg","B0CVZVDNMP","Anysun Sewer Camera Cable Bracket, 230Ft/70M, Only for Anysun 5100 All-in-One Pipe Inspection Camera System","anysun","FBM","Industrial & Scientific",1166735,774049881295,"N/A",0774049881295,"N/A","Borescopes",1674,699.99,-42,0,0,,"-","-",1,2,"Yongchangsheng tech","Hong Kong",1,0,"N/A","N/A","N/A","N/A","N/A","N/A","N/A","N/A","08/31/2024",25,2,0,0
"https://amazon.com/dp/B0C6CTKG8H","https://m.media-amazon.com/images/I/41WQCKCmixL._SX450_.jpg","B0C6CTKG8H","Calvan 85 Pistol Grip WiFi Borescope","Cal-Van Tools","FBM","Industrial & Scientific",1166922,047084000854,"N/A",0047084000854,"N/A","Borescopes",1687,74.99,-26,0,0,,"-","-","N/A","N/A","JBTools","USA",7,0,"N/A","Large Standard-Size",7,5,3,1,"N/A","N/A","01/31/2026",47,3,0,"N/A"
"https://amazon.com/dp/B0DGXLYP21","https://m.media-amazon.com/images/I/51iK+8AILiL._SX450_.jpg","B0DGXLYP21","Sewer Camera Robot, 4WD，512HZ Locator，200W Rotatable Dual Lenses Camera，IP68 All-Metal Body, Pipe Inspection Robot(394ft/120M) (394FT)","YATOU BOX","FBM","Industrial & Scientific",1169251,"N/A","N/A","N/A","N/A","Borescopes",1697,9878,17,0,0,,"-","-",1,4,"ruianshiyuanqingxieliaojiagongchang","N/A",1,0,"N/A","Extra-large 70+ to 150 lb",26,24,22,83.78,"N/A","N/A","11/30/2025",17,9,1,0
"https://amazon.com/dp/B0B3DXCYR1","https://m.media-amazon.com/images/I/61x5YWO1xkL._SX450_.jpg","B0B3DXCYR1","Sewer Camera with 100ft/30m for Drain Plumbing Inspection,Sewer Inspection Endoscope 7inch 1080P IPS Screen with DVR Recorder,Inspection Camera IP68 Waterproof Industrial Endoscope with 12PCS LEDs","SYOWNFS","FBA","Industrial & Scientific",1174998,726679815546,"N/A",0726679815546,"N/A","Borescopes",1678,339,-17,0,0,50,"-","-",1,5,"ENNIO","China",1,3,50,"Large Standard-Size",7.25,14,16,11.55,817.64,2255.56,"01/31/2026",46,9,0,0.05
"https://amazon.com/dp/B0DGPXTZJQ","https://m.media-amazon.com/images/I/61-Boh-bcUL._SX450_.jpg","B0DGPXTZJQ","YUELER Borescope,Endoscope Camera with Light, Waterproof Snake Cameras Inspection Cameras with Adjustable LED Light","YUELER","FBM","Industrial & Scientific",1177641,"N/A","N/A",7671930043028,"N/A","Borescopes",1693,17.99,-41,3,1,700,47.37,13.48,"N/A","N/A","RUImiand","China",1,14,"N/A","N/A","N/A","N/A","N/A","N/A","N/A","N/A","10/31/2025",19,9,4,"N/A"
"https://amazon.com/dp/B0DGPWCCYB","https://m.media-amazon.com/images/I/61-Boh-bcUL._SX450_.jpg","B0DGPWCCYB","YUELER Borescope,Endoscope Camera with Light, Waterproof Snake Cameras Inspection Cameras with Adjustable LED Light","YUELER","FBM","Industrial & Scientific",1179092,"N/A","N/A",7671930043004,"N/A","Borescopes",1693,16.99,-45,3,2,700,47.37,33.72,"N/A","N/A","RUImiand","China",1,14,"N/A","N/A","N/A","N/A","N/A","N/A","N/A","N/A","10/31/2025",19,9,4,"N/A"
"https://amazon.com/dp/B0CJ7CLRD1","https://m.media-amazon.com/images/I/619XjDgPcoL._SX450_.jpg","B0CJ7CLRD1","Pipeline Phone Borescope, 2MP Phone Endoscope Camera Type C Single Lens Industrial Pipeline Mobile Phone Borescope for Home Appliance, Borescopes","Hilitand","FBA","Industrial & Scientific",1188202,"N/A","N/A","N/A","N/A","Borescopes",1690,19.18,-2,1,1,,27.96,27.91,"N/A","N/A","Simangy","China",1,5,400,"Large Standard-Size",1.42,4.72,4.92,0.18,16.59,45.77,"11/30/2025",31,9,0,"N/A"
"https://amazon.com/dp/B0FWKRH94Y","https://m.media-amazon.com/images/I/51NHLyMV-dL._SX450_.jpg","B0FWKRH94Y","YDuupxe Endoscope Camera with Light, 5.5mm Probe, IP67 Waterproof, 5 Meter Semi- Cable, USB C Inspection Borescope for Android Smartphones, Car Engine, Pipe, Wall Inspection Tool","YDuupxe","FBA","Industrial & Scientific",1191209,"N/A","N/A","N/A","N/A","Borescopes",1699,13.49,-26,0,0,-143,"-","-","N/A","N/A","Sonrzo","N/A",2,0,"N/A","Large Standard-Size",5.12,4.72,1.97,0.36,23.96,66.11,"10/31/2025",6,9,0,"N/A"
"https://amazon.com/dp/B0DJ3HWK77","https://m.media-amazon.com/images/I/61XTWpd4K3L._SX450_.jpg","B0DJ3HWK77","Heayzoki 120mm Guide Wheels for Sewer Camera Probe, Pipe Pulley for 23mm Pipeline Inspection Camera","Heayzoki","FBA","Industrial & Scientific",1191559,"N/A","N/A","N/A","N/A","Borescopes",1699,20.52,-38,1,1,33,27.93,27.87,"N/A","N/A","Wendryer","China",2,0,"N/A","Large Standard-Size",6.69,3.94,2.76,0.33,36.56,100.86,"02/28/2026",18,9,0,"N/A"
"https://amazon.com/dp/B01HS8697E","https://m.media-amazon.com/images/I/71QnAeGHNLL._SX450_.jpg","B01HS8697E","PCE Instruments PCE-VE 200 Industrial Borescope, for Visual inspections in Hard-to-Reach Areas, Features 1 m / 3.3 ft Probe, 3.5"" Display, Plus LED Lighting and Image/Video Storage","PCE Instruments","FBM","Industrial & Scientific",1192282,"N/A","N/A",4250348715104,"N/A","Borescopes",1701,560.25,-6,0,0,,"-","-","N/A","N/A","Cherise Trading","China",3,1,"N/A","Large Standard-Size",2.99,8.9,12.83,1.85,"N/A","N/A","10/31/2024",58,8,0,"N/A"
"https://amazon.com/dp/B09QD468XR","https://m.media-amazon.com/images/I/61C86ScwdKL._SX450_.jpg","B09QD468XR","Vividia BD-8050U USB Dual Camera Borescope with 8mm (0.32"") Diameter 5m (16ft) Long Semi-Rigid Probe for Windows PC MacBook Chromebook and Android Devices","VIVIDIA","FBM","Industrial & Scientific",1197891,"N/A","N/A","N/A","N/A","Borescopes",1692,149,-15,0,0,,"-","-","N/A","N/A","Oasis Scientific Inc.","USA",1,0,"N/A","N/A","N/A","N/A","N/A","N/A","N/A","N/A","04/30/2024",62,9,0,"N/A"
"https://amazon.com/dp/B0FTVF57DZ","https://m.media-amazon.com/images/I/81XFLMSQ4JL._SX450_.jpg","B0FTVF57DZ","Sewer Camera Self-Leveling, Distance Counter, 250Ft Pipe Inspection Camera for Ducts/Walls/Rivers/Caves, Precise Fault Detection, 10” HD, 7MM Cable, IP68 Waterproof, Pull Handle, Wheels/Keyboard, DVR","SumKea","FBM","Industrial & Scientific",1200871,774882258537,"N/A",0774882258537,"N/A","Borescopes",1710,1299.99,-15,0,0,,"-","-",1,5,"SumKea","China",1,0,"N/A","Extra-large 50+ to 70 lb",17.7,21.2,15.7,50.5,"N/A","N/A","11/30/2025",2,9,4,0.15
"https://amazon.com/dp/B0FTVFRYT3","https://m.media-amazon.com/images/I/81pvM0icJAL._SX450_.jpg","B0FTVFRYT3","Sumkea Sewer Camera with Locator, Self-Leveling Drain Inspection Camera, 200ft Pipe Inspection Cameras with 10"" IPS Screen for Plumbing, Sewer Line, Home Inspections, IP68 Waterproof, DVR, 32GB","SumKea","FBM","Industrial & Scientific",1200896,774882258568,"N/A",0774882258568,"N/A","Borescopes",1711,1599.99,-42,0,0,,"-","-",1,5,"SumKea","China",1,0,"N/A","Extra-large 50+ to 70 lb",23.6,21.2,17.7,53.2,"N/A","N/A","11/30/2025",2,9,4,0.15
"https://amazon.com/dp/B0FTVK5G3D","https://m.media-amazon.com/images/I/81O7xE-CsVL._SX450_.jpg","B0FTVK5G3D","Sumkea Sewer Camera, 200ft Self-Leveling Sewer Camera with 10"" IPS Screen, HD Recording, Distance Counter, IP68 140° Lens, 12 LED Drain Cameras for Sewers Line Plumbing, 32GB DVR for Pipe Inspection","SumKea","FBM","Industrial & Scientific",1202153,774882258513,"N/A",0774882258513,"N/A","Borescopes",1711,1199.99,-12,0,0,,"-","-",1,5,"SumKea","China",1,0,"N/A","Extra-large 50+ to 70 lb",23.6,21.2,16.5,48.5,"N/A","N/A","11/30/2025",2,9,4,0.15
"https://amazon.com/dp/B0FTVHBSHD","https://m.media-amazon.com/images/I/81PcgMjnpfL._SX450_.jpg","B0FTVHBSHD","Pipe Inspection Camera with 512Hz Locator, Self-Leveling Sewer Camera, 250ft Drain Camera with 10"" IPS Screen for Plumbing, Sewer Pipe, Home and Municipal Inspection, IP68 Waterproof, DVR, 32GB, 5X","SumKea","FBM","Industrial & Scientific",1202525,774882258575,"N/A",0774882258575,"N/A","Borescopes",1710,1699.99,-43,0,0,,"-","-",1,5,"SumKea","China",1,0,"N/A","Extra-large 50+ to 70 lb",23.6,21.2,18.3,54.8,"N/A","N/A","11/30/2025",2,9,4,0.15
"https://amazon.com/dp/B0BNLNCQS7","https://m.media-amazon.com/images/I/61Q8cUQIztL._SX450_.jpg","B0BNLNCQS7","Wohler VIS Camera Trolley","Wohler","Amazon","Industrial & Scientific",1203652,"N/A","N/A",4262383840758,"N/A","Borescopes",1699,745.15,-29,0,0,,"-","-","N/A","N/A","Amazon","N/A",2,3,-57,"Large Standard-Size",6.5,12.25,12.4,3,"N/A","N/A","06/30/2024",40,3,0,"N/A"
"https://amazon.com/dp/B0B5VLRKBM","https://m.media-amazon.com/images/I/61JbyKZxw8L._SX450_.jpg","B0B5VLRKBM","Cuifati 512hz Sewer Camera Locator, 512hz Pipe Locator Receiver and Transmitter for Sewer Camera, 5 Meters/6 Level Strength/10 Hours Working(CA)","Cuifati","FBM","Industrial & Scientific",1204054,"N/A","N/A","N/A","N/A","Borescopes",1700,208.41,-65,0,0,,"-","-",2,1,"Cuifati3","China",1,3,"N/A","Large bulky",2.56,4.02,21.46,1.5,"N/A","N/A","08/31/2024",45,9,1,0
"https://amazon.com/dp/B0FSZYFMRW","https://m.media-amazon.com/images/I/51PFOcruIkL._SX450_.jpg","B0FSZYFMRW","Sumkea New Upgrade 512hz Locator and 512hz Sonde Transmitter Kit with Box for Sewer Inspection Camera, Only for Sumkea Sewer Camera 10DX1, 10DZ, 7DVE, 7DA, L09D, 7GY60A","SumKea","FBM","Industrial & Scientific",1206251,774882705222,"N/A",0774882705222,"N/A","Borescopes",1713,369.99,-33,0,0,,"-","-","N/A","N/A","SumKea","China",1,0,"N/A","Large Standard-Size",14.25,7.28,8.46,33.95,"N/A","N/A","11/30/2025",6,9,0,"N/A"
"https://amazon.com/dp/B0CLVT2TD7","https://m.media-amazon.com/images/I/51Qeo6MMbPL._SX450_.jpg","B0CLVT2TD7","gernie Endoscope Camera 5.5Mm Hard Wire Light Cable Mobile Phone USB Car for Led 5M Hard Wire 5Meter Endoscopes","Gernie","FBM","Industrial & Scientific",1211304,"N/A","N/A",7795785218537,"N/A","Borescopes",1718,13.97,-1,0,0,,"-","-","N/A","N/A","Wenteru","China",1,1,"N/A","Large Standard-Size",5.12,4.72,1.57,0.37,"N/A","N/A","02/28/2025",29,9,0,"N/A"
"https://amazon.com/dp/B00APAM27Y","https://m.media-amazon.com/images/I/81VLgxyw-GL._SX450_.jpg","B00APAM27Y","Vividia Mini 8mm USB Flexible Inspection Camera Borescope Endoscope Microscope with Manual Focus and Mirrors for Side View","VIVIDIA","FBM","Industrial & Scientific",1213061,858499002636,"N/A",0858499002636,"N/A","Borescopes",1704,259.98,-20,0,0,,"-","-",2,3,"Oasis Scientific Inc.","USA",1,1,-75,"N/A","N/A","N/A","N/A","N/A","N/A","N/A","01/31/2025",160,9,0,0
"https://amazon.com/dp/B0FCGBDMJJ","https://m.media-amazon.com/images/I/61LEAc8S7PL._SX450_.jpg","B0FCGBDMJJ","UNI-T Inspection Camera UT663B 1m/2m/3m Industrial Borescope Inspection Camera with 5 inch Screen 180° Turning High Definition Visual Endoscope(UT663B 2M)","UNI-T","FBM","Industrial & Scientific",1216030,"N/A","N/A","N/A","N/A","Borescopes",1721,218,-18,2,0,67,325.79,"-","N/A","N/A","Yuqiao--Store","Hong Kong",1,0,"N/A","Large Standard-Size",7.87,4.72,5.12,2.2,"N/A","N/A","07/31/2025",10,7,3,"N/A"
"https://amazon.com/dp/B0FCG5N9V2","https://m.media-amazon.com/images/I/61LEAc8S7PL._SX450_.jpg","B0FCG5N9V2","UNI-T Inspection Camera UT663B 1m/2m/3m Industrial Borescope Inspection Camera with 5 inch Screen 180° Turning High Definition Visual Endoscope(UT663B 3M)","UNI-T","FBM","Industrial & Scientific",1216117,"N/A","N/A","N/A","N/A","Borescopes",1721,278,32,1,0,-25,254.88,"-","N/A","N/A","Yuqiao--Store","Hong Kong",1,0,"N/A","Large Standard-Size",7.87,4.72,5.12,2.2,"N/A","N/A","07/31/2025",10,7,3,"N/A"
"https://amazon.com/dp/B0FCG5JRN9","https://m.media-amazon.com/images/I/61YCqNgmfcL._SX450_.jpg","B0FCG5JRN9","UNI-T Inspection Camera UT663B 1m/2m/3m Industrial Borescope Inspection Camera with 5 inch Screen 180° Turning High Definition Visual Endoscope(UT663B 1M)","UNI-T","FBM","Industrial & Scientific",1216298,"N/A","N/A","N/A","N/A","Borescopes",1721,182,-10,1,1,-25,254.88,132.38,"N/A","N/A","Yuqiao--Store","Hong Kong",1,0,"N/A","Large Standard-Size",7.87,4.72,5.12,2.2,"N/A","N/A","07/31/2025",10,7,3,"N/A"
"https://amazon.com/dp/B0FN5ZJD5Z","https://m.media-amazon.com/images/I/71EDH1T0JqL._SX450_.jpg","B0FN5ZJD5Z","Hilitand Industrial Endoscope Borescope Camera with Light IP67 4.3in LCD 1080P HD Dual Lens 8mm for Sewer Drain Pipe Car Inspection (5m / 16.4ft)","Hilitand","FBM","Industrial & Scientific",1218006,"N/A","N/A","N/A","N/A","Borescopes",1722,40.17,-5,1,1,-33,31.38,31.33,"N/A","N/A","Simangy","China",1,0,"N/A","Large Standard-Size",7.87,5.12,3.15,1.15,"N/A","N/A","12/31/2025",7,9,2,"N/A"
"https://amazon.com/dp/B0FPQRJL3Z","https://m.media-amazon.com/images/I/71lyPEveaQL._SX450_.jpg","B0FPQRJL3Z","Anysun Sewer Camera Self-Leveling with 512Hz Sonde, 9"" HD Screen DVR Recorder, IP68 Waterproof Plumbing Pipe Borescope Inspection, 7mm Cable with Meter Marks(150FT)","anysun","FBM","Industrial & Scientific",1220696,717308725589,"N/A",0717308725589,"N/A","Borescopes",1726,759.99,-7,0,0,,"-","-",50,4.1,"ToBestGift","China",1,0,"N/A","Large bulky",8.5,12.5,12.5,13,"N/A","N/A","-",28,7,0,0
"https://amazon.com/dp/B0CNSG5LZN","https://m.media-amazon.com/images/I/71sX7ygdTUL._SX450_.jpg","B0CNSG5LZN","JOSKAA Iridology Camera, 5.0 Mp USB Iriscope Iris Analyzer Iridology Camera with Pro Iris English Software 30x Iris Lens Adjustable Focus, Multi-Function Iris Analysis Software for Beauty Salon, SPA","JOSKAA","FBM","Industrial & Scientific",1221167,"N/A","N/A",7545691778027,"N/A","Borescopes",1727,238.99,-19,0,0,-120,"-","-","N/A","N/A","Yang Miemie","China",1,5,"N/A","Large Standard-Size",9.84,8.66,3.54,2.18,"N/A","N/A","12/31/2025",28,9,0,"N/A"
"https://amazon.com/dp/B0FTMXTZ1P","https://m.media-amazon.com/images/I/61kH+1PvA8L._SX450_.jpg","B0FTMXTZ1P","Vividia G-810N BlueEye Grabber Borescope & Retreival Tool with USB Camera, LED Lights, Detachable Magnet Ring, 8mm Diameter Probe (G-810N)","VIVIDIA","FBM","Industrial & Scientific",1222542,"N/A","N/A","N/A","N/A","Borescopes",1728,99.98,-15,7,5,,732.35,536.45,"N/A","N/A","Oasis Scientific Inc.","USA",1,0,"N/A","N/A","N/A","N/A","N/A","N/A","N/A","N/A","02/28/2026",6,9,2,"N/A"
"https://amazon.com/dp/B004D7CZF4","https://m.media-amazon.com/images/I/61eJfngyWjL._SX450_.jpg","B004D7CZF4","RIDGID 35188 SeeSnake L100C MicroReel Video Inspection Camera with Sonde and Counter, Pipe Inspection Camera and Transmitter (CA-350 Compatible),Black","RIDGID","FBM","Industrial & Scientific",1227254,095691351883,00095691351883,0095691351883,"N/A","Borescopes",1717,5499,-16,0,0,-50,"-","-",4,3.8,"America Tools","USA",1,5,"N/A","Large bulky",8.58,15.51,20.63,15.85,"N/A","N/A","11/30/2025",183,3,0,0
"https://amazon.com/dp/B0B1BGF915","https://m.media-amazon.com/images/I/31PA5NlNOzL._SX450_.jpg","B0B1BGF915","Vividia PM-190 USB 12MP Digital Borescope Endoscope Microscope with 19mm Tube Diameter and Max. 12 Mega-Pixel Resolution","VIVIDIA","FBM","Industrial & Scientific",1230559,"N/A","N/A","N/A","N/A","Borescopes",1723,399.98,-21,0,0,,"-","-","N/A","N/A","Oasis Scientific Inc.","USA",1,1,"N/A","N/A","N/A","N/A","N/A","N/A","N/A","N/A","11/30/2025",60,5,0,"N/A"
"https://amazon.com/dp/B0CCS5TZT6","https://m.media-amazon.com/images/I/71JR1+vVXtL._SX450_.jpg","B0CCS5TZT6","Sewer Camera,SYANSPAN 4.3""Pipe Drain Inspection Camera with Snake Cable,Waterproof IP68 Borescope w/LED Lights,Industrial Endoscope for Home Wall Duct Drain Pipe Plumbing(No DVR,33ft/10M)","SYANSPAN","FBM","Industrial & Scientific",1235598,"N/A","N/A","N/A","N/A","Borescopes",1740,207.99,5,1,0,-100,265.6,"-","N/A","N/A","pipe camera","China",1,15,-17,"Large Standard-Size",12.6,6.3,12.99,7.05,"N/A","N/A","08/31/2025",32,9,20,"N/A"
"https://amazon.com/dp/B0CCS3M34T","https://m.media-amazon.com/images/I/71JR1+vVXtL._SX450_.jpg","B0CCS3M34T","SYANSPAN Sewer Camera,Borescope Camera with Light,4.3""Sewer Drain Pipe Inspection Camera Endoscope for Home Wall Duct Drain Pipe Plumbing(No DVR,164ft/50M)","SYANSPAN","FBM","Industrial & Scientific",1235598,"N/A","N/A","N/A","N/A","Borescopes",1740,313.99,-44,1,0,-100,265.6,"-","N/A","N/A","pipe camera","China",1,15,-17,"Large Standard-Size",12.6,6.3,12.99,9.92,"N/A","N/A","08/31/2025",32,7,20,"N/A"
"https://amazon.com/dp/B0CNV59R6S","https://m.media-amazon.com/images/I/71-5Epw9stL._SX450_.jpg","B0CNV59R6S","BoxWave Screen Protector Compatible with Depstech Triple Lens borescope (7 in) - ClearTouch Crystal (2-Pack), HD Film Skin - Shields from Scratches","BoxWave","FBM","Industrial & Scientific",1238769,"N/A","N/A","N/A","N/A","Borescopes",1742,19.95,9,0,0,,"-","-","N/A","N/A","BoxWave Corporation","USA",1,0,"N/A","N/A","N/A","N/A","N/A","N/A","N/A","N/A","05/31/2025",29,6,0,"N/A"
"https://amazon.com/dp/B0FJXKBV6W","https://m.media-amazon.com/images/I/610AVUa+LPL._SX450_.jpg","B0FJXKBV6W","BINBINNIAO S20 6mm Lens 360° Rotation Pipeline Detector Turnable Handheld Endoscope for Home Appliance Testing Blockage Troubleshoot(S20-6mm-4.3INCH)","BINBINNIAO","FBM","Industrial & Scientific",1241437,"N/A","N/A",4124990775284,"N/A","Borescopes",1744,179.99,-36,0,0,,"-","-","N/A","N/A","Yunyin Trading","China",1,0,"N/A","Large Standard-Size",0.39,0.39,0.39,2.2,"N/A","N/A","07/31/2025",8,6,3,"N/A"
"https://amazon.com/dp/B0CCS3ZG6M","https://m.media-amazon.com/images/I/71lypjjOvuL._SX450_.jpg","B0CCS3ZG6M","Sewer Camera 100ft,SYANSPAN 4.3""Pipe Drain Inspection Camera with Red Fiberglass Stiff Snake Cable,Dia 17mm Industrial Endoscope for Home Wall Duct(No DVR,100ft/30M)","SYANSPAN","FBM","Industrial & Scientific",1242199,"N/A","N/A","N/A","N/A","Borescopes",1734,249.99,17,2,0,-50,387.39,"-","N/A","N/A","pipe camera","China",1,16,-6,"Large Standard-Size",12.6,6.3,12.99,8.38,"N/A","N/A","08/31/2025",32,7,20,"N/A"
"https://amazon.com/dp/B0CCS44KS1","https://m.media-amazon.com/images/I/71qLLopoucL._SX450_.jpg","B0CCS44KS1","Sewer Camera 100ft,SYANSPAN 23mm Sewer Inspection Camera,16GB DVR Video Recording Endoscope Borescope w/ 8500mAh Low Temperature Resistant Battery(100ft/30M,16GB DVR)","SYANSPAN","FBM","Industrial & Scientific",1242199,"N/A","N/A","N/A","N/A","Borescopes",1734,289.99,16,2,0,-50,387.39,"-","N/A","N/A","pipe camera","China",1,16,-6,"Large Standard-Size",12.6,6.3,12.99,8.38,"N/A","N/A","08/31/2025",32,7,20,"N/A"
"https://amazon.com/dp/B0FNXCCPZ7","https://m.media-amazon.com/images/I/61w6RcwZGtL._SX450_.jpg","B0FNXCCPZ7","Luocute Borescope Camera with Light, 1080P HD Digital Endoscope with 8 Adjustable LEDs 2m Cable, 4.3in LCD Screen Inspection Camera 8mm IP67 Water Resistants Sewer Cam","Luocute","FBM","Industrial & Scientific",1243229,"N/A","N/A","N/A","N/A","Borescopes",1745,53.47,-46,0,0,,"-","-","N/A","N/A","Gudinice","China",1,0,"N/A","Large Standard-Size",7.48,5.51,1.97,0.82,"N/A","N/A","02/28/2026",7,9,0,"N/A"
"https://amazon.com/dp/B081R9QQMB","https://m.media-amazon.com/images/I/61sWJl0iyJL._SX450_.jpg","B081R9QQMB","Endoscope, Fydun USB Endoscope 1pc Black 15-Meter USB Endoscope with 2-Megapixel Camera for Pipe Car Inspection","Fydun","FBM","Industrial & Scientific",1252246,738585349169,"N/A",0738585349169,"N/A","Borescopes",1742,29.59,-7,1,1,-25,39.37,39.27,"N/A","N/A","Miyinla-Z","China",1,6,"N/A","N/A","N/A","N/A","N/A","N/A","N/A","N/A","08/31/2024",59,9,0,"N/A"
"https://amazon.com/dp/B09PPHJ35Z","https://m.media-amazon.com/images/I/51qhkKmGjOL._SX450_.jpg","B09PPHJ35Z","K Tool International XD3K Digital Video Inspection Borescope for Garages, Repair Shops, and DIY, 2.5"" LCD Color Screen, (4) AA Batteries, 8.5mm Camera, 4x Digital Zoom, 6-Level Adjustable LED Lighting","K Tool International","FBM","Industrial & Scientific",1254266,769622910110,"N/A",0769622910110,"N/A","Borescopes",1737,132.86,"N/A",0,0,50,"-","-",1,5,"Tool Shack","USA",7,2,100,"Large Standard-Size",2.56,4.29,7.24,1.47,"N/A","N/A","01/31/2026",51,8,0,0.09