url,accessed,publisher,claim,quote,used_in_section
https://lordco.com/our-story/,2026-10-02,Lordco Auto Parts (lordco.com),"Lordco was founded in 1974 in Maple Ridge, British Columbia; it describes itself as Canada's biggest privately held automotive parts distributor and Western Canada's largest distributor and retailer of aftermarket parts, with over 85 stores including eighteen truck centres; it expanded into Alberta in 2019 (Calgary).",Canada’s biggest privately held automotive parts distributor,1
https://lordco.com/Product/GT-Platinum-Gas-Gauge-Tuner-BDT40417,2026-10-02,Lordco Auto Parts (lordco.com),"Lordco online catalogue lists Bully Dog GT Platinum Gas Gauge Tuner, part BDT40417, CA$554.61, in stock online (in-store pickup offered).",GT Platinum Gas Gauge Tuner | BDT40417,4
https://lordco.com/Product/GT-diesel-vehicle-tuner-and-multi-gauge-vehicle-monitor-BDT40420,2026-10-02,Lordco Auto Parts (lordco.com),"Lordco lists Bully Dog GT diesel tuner and multi-gauge vehicle monitor, part BDT40420, CA$554.46, in stock online.","GT diesel, vehicle tuner and multi-gauge vehicle monitor",4
https://lordco.com/Product/GT-Diesel-Plus-FOR-EXPORT-ONLY-BDT40428,2026-10-02,Lordco Auto Parts (lordco.com),"Lordco lists Bully Dog GT Diesel Plus (export-only SKU), part BDT40428, CA$1150.00, in stock online.",GT Diesel Plus -FOR EXPORT ONLY,4
https://lordco.com/Product/GTX-Performance-Tuner-BDT40460B,2026-10-02,Lordco Auto Parts (lordco.com),"Lordco lists Bully Dog GTX Performance Tuner, part BDT40460B, CA$966.77, in stock online.",GTX Performance Tuner,4
https://lordco.com/Product/BDX-Performance-Programmer-BDT40470,2026-10-02,Lordco Auto Parts (lordco.com),"Lordco lists Bully Dog BDX Performance Programmer, part BDT40470, CA$582.25, in stock online.",BDX Performance Programmer,4
https://lordco.com/Product/BDX-hand-held-performance-tuner-L5P-Only-BDT40472,2026-10-02,Lordco Auto Parts (lordco.com),"Lordco lists Bully Dog BDX hand-held performance tuner (L5P only), part BDT40472, CA$830.49, in stock online.",BDX hand-held performance tuner (L5P Only),4
https://lordco.com/Brand/Bully-Dog,2026-10-02,Lordco Auto Parts (lordco.com),"Lordco has a Bully Dog brand page; 21 Bully Dog products were listed across two pages on 2026-10-02 (tuners plus mounts, cables, sensor docks).",,4
https://lordco.com/Product/Insight-CTS3-Digital-Gauge-Monitor-PTQ84130-3,2026-10-02,Lordco Auto Parts (lordco.com),"Lordco lists the Edge Insight CTS3 Digital Gauge Monitor under the brand Powerteq, part PTQ84130-3, CA$769.99, in stock online.",Insight CTS3 Digital Gauge Monitor,4
https://lordco.com/search.php?search_query=Evolution+CTS3,2026-10-02,Lordco Auto Parts (lordco.com),Lordco site search for 'Evolution CTS3' returned the Insight CTS3 monitor and wiper blades; no Edge Evolution CTS3 tuner was returned.,,4
https://lordco.com/Product/Diablo-Sport-TRINITY-DASHBOARD-MONITOR-TUNER-PTQT1000,2026-10-02,Lordco Auto Parts (lordco.com),"Lordco lists DiabloSport Trinity dashboard monitor and tuner, part PTQT1000, CA$764.01, in stock online.",TRINITY DASHBOARD MONITOR & TUNER,4
https://lordco.com/Product/DiabloSport-Trinity-2-T2-EX-Ford-Vehicles-PTQ9100,2026-10-02,Lordco Auto Parts (lordco.com),"Lordco lists DiabloSport Trinity 2 (T2 EX) for Ford vehicles, part PTQ9100, CA$1049.99, in stock online.",Trinity 2 (T2 EX) Ford Vehicles,4
https://lordco.com/Product/DiabloSport-Trinity-2-T2-EX-for-Dodge-Vehicles-PTQ9300,2026-10-02,Lordco Auto Parts (lordco.com),"Lordco lists DiabloSport Trinity 2 (T2 EX) for Dodge vehicles, part PTQ9300, CA$1079.98, in stock online.",Trinity 2 (T2 EX) for Dodge Vehicles,4
https://lordco.com/Product/Ford-Livewire-TS-Pre-Programmed-Device-SCT5015P,2026-10-02,Lordco Auto Parts (lordco.com),"Lordco lists SCT Performance Ford Livewire TS pre-programmed device, part SCT5015P, CA$721.41, in stock online.",Ford Livewire TS Pre-Programmed Device,4
https://lordco.com/search.php?search_query=scangauge,2026-10-02,Lordco Auto Parts (lordco.com),Lordco site search for 'ScanGauge' returned 0 results.,,4
https://lordco.com/search.php?search_query=iDash,2026-10-02,Lordco Auto Parts (lordco.com),Lordco site search for 'iDash' (Banks) returned 0 results.,,4
https://lordco.com/search.php?search_query=DataMonster,2026-10-02,Lordco Auto Parts (lordco.com),Lordco site search for 'DataMonster' (Banks iDash 1.8 DataMonster) returned 0 results.,,4
https://lordco.com/search.php?search_query=Flashpaq,2026-10-02,Lordco Auto Parts (lordco.com),Lordco site search for 'Flashpaq' (Superchips) returned 0 results.,,4
https://lordco.com/search.php?search_query=Dashpaq,2026-10-02,Lordco Auto Parts (lordco.com),Lordco site search for 'Dashpaq' (Superchips) returned 0 results.,,4
https://lordco.com/search.php?search_query=ultragauge,2026-10-02,Lordco Auto Parts (lordco.com),Lordco site search for 'UltraGauge' returned 0 results.,,4
https://bullydog.com/,2026-10-02,Bully Dog (bullydog.com),"Bully Dog says it merged under Derive Systems together with Bully Dog Big Rig, SCT and VQ; the site still sells the GT Platinum Gas Tuner (part 40410, labelled 50 State Legal), GT Gas Performance Tuner & Monitor (40417) and GT Diesel Performance Tuner & Monitor (40420) on 2026-10-02; prices are shown on the US site only (USD).",As a result of its recent merger under Derive Systems,4
https://bullydog.com/find-a-dealer/,2026-10-02,Bully Dog (bullydog.com),"Bully Dog reseller locator with Location=International and country=Canada returned 1,748 reseller results (first page: Alberta resellers); entries not validated.","NEARBY RESELLERS 1 - 15 of 1,748 results",4
https://www.sec.gov/Archives/edgar/data/1822928/000162828026018218/hlly-20251231.htm,2026-10-02,Holley Inc. Form 10-K for FY2025 (SEC EDGAR),"Holley's FY2025 10-K names EDGE among its brands and says it sells primarily in the United States, Canada and Europe.","Holley, Holley EFI, MSD, Simpson, Flowmaster, EDGE, Cataclean, and Accel",4
https://www.edgeproducts.com/products/in-cabin_monitors/insight/,2026-10-02,Edge Products (edgeproducts.com; schema publisher holley.com),"Edge's own page sells Insight CTS3 part 84130-3 (USD, US site) and says it can give audible and visual alerts; page schema names Holley as publisher and links Holley's privacy policy; no dealer locator link was found on the site.",The Insight CTS3 can also be configured to provide audible and visual alerts,4
https://www.edgeproducts.com/products/in-cabin_tuners/evolution_cts3/,2026-10-02,Edge Products (edgeproducts.com),"Edge's catalogue numbers Evolution CTS3 diesel units 85400-100 (Power Stroke), 85400-200 (Duramax), 85400-300 (Cummins); gas units 85450-150 (Ford gas), 85450-250 (GM gas), 85452-xxx (GM gas); 85401-101 is the '50 STATE LEGAL' Power Stroke unit.",EVOLUTION CTS3 - 50 STATE LEGAL,4
https://www.edgeproducts.com/products/in-cabin_monitors/insightplus/,2026-10-02,Edge Products (edgeproducts.com),"Edge launched Insight+ (part 84140), built on Insight CTS3, adding a tune licence for third-party calibrators on Ford Power Stroke and GM Duramax diesel trucks.",Built on the industry-leading Insight CTS3 platform,4
https://liftkits4less.com/ford-diesel-evolution-cts3-ca-1994-5-2019-ford-f-250-f-350-powerstroke-diesel-50-state-legal-edge-products,2026-10-02,Lift Kits 4 Less (US third-party reseller),"Reseller listing of Edge 'Ford Diesel Evolution CTS3 CA' states it carries CARB Executive Order approval making it 50-state legal, i.e. the 'CA' suffix denotes California/CARB.","comes with CARB Executive Order (EO) approval, making it 50-state legal",4
https://www.jbtools.com/edge-gas-diesel-vehicle-tuner-evoht2-california-edition-86040/,2026-10-02,JB Tools (US third-party reseller),"Reseller titles Edge part 86040 as the EvoHT2 'California Edition', confirming Edge's California-edition naming.",Edge Gas & Diesel Vehicle Tuner EvoHT2 California Edition (86040),4
https://theshopmag.com/news/edge-products-announces-extensive-diesel-executive-order-coverage-carb,2026-10-02,"The Shop magazine (trade press, 2018-02-23)",Edge received consolidated CARB Executive Order D-541-18 covering its 50-state-legal diesel products.,"Executive Order D-541-18, detailing the far-reaching 50 state legal diesel coverage",4
https://www.canadiantire.ca/en/search-results.html?q=bully%20dog%20tuner,2026-10-02,Canadian Tire (canadiantire.ca),"Canadian Tire site search 'bully dog tuner' was rewritten to 'tuner' and returned 7 results, none a vehicle tuner or gauge (wheel locks, radio, antennas).",,4
https://www.canadiantire.ca/en/search-results.html?q=edge%20insight,2026-10-02,Canadian Tire (canadiantire.ca),Canadian Tire site search 'edge insight' returned 1 unrelated result (robot vacuum).,,4
https://www.canadiantire.ca/en/search-results.html?q=performance%20tuner,2026-10-02,Canadian Tire (canadiantire.ca),"Canadian Tire site search 'performance tuner' returned 5 results, none a vehicle tuner (radio, TV antennas).",,4
https://www.canadiantire.ca/en/search-results.html?q=scangauge,2026-10-02,Canadian Tire (canadiantire.ca),Canadian Tire site search 'scangauge' (rewritten to 'scan gauge') returned 3 TPMS sensors and no OBD gauge.,,4
https://www.princessauto.com/en/product/obd-plus-gps-smart-gauge/PA0009465543/9465543,2026-10-02,Princess Auto (princessauto.com),"Princess Auto sells the Mr. Blacksmith OBD Plus GPS Smart Gauge, SKU 9465543, CA$49.99 (Hot Buy), head-up display type, OBD connection, MPH/km/h switchable.",Dial Gauge readout is switchable from MPH to km/h.,4
https://www.princessauto.com/en/search?q=heads+up+display,2026-10-02,Princess Auto (princessauto.com),Princess Auto 'heads up display' search returned 7 products incl. Powerfist Windshield Projection Heads-Up Display GPS Speedometer SKU 9198797 CA$39.99 and Powerfist Digital GPS Speedometer SKU 9198805 CA$49.99 (GPS-only).,Windshield Projection Heads-Up Display GPS Speedometer,4
https://www.princessauto.com/en/search?q=gauge+tuner,2026-10-02,Princess Auto (princessauto.com),"Princess Auto 'gauge tuner' search returned 20 products (analog LED gauges, testers, Autel PS100); no tuner or gauge-tuner unit.",,4
https://www.napacanada.com/en/search?text=bully%20dog&referer=v2,2026-10-02,"NAPA Auto Parts Canada (napacanada.com, UAP Inc.)",NAPA Canada site search 'bully dog' rendered no product results.,,4
https://www.napacanada.com/en/search?text=performance%20tuner&referer=v2,2026-10-02,"NAPA Auto Parts Canada (napacanada.com, UAP Inc.)",NAPA Canada site search 'performance tuner' rendered no product results.,,4
https://www.napacanada.com/en/search?text=edge%20insight&referer=v2,2026-10-02,"NAPA Auto Parts Canada (napacanada.com, UAP Inc.)",NAPA Canada site search 'edge insight' rendered no product results.,,4
https://partsource.ca/search?q=bully+dog,2026-10-02,PartSource (partsource.ca),PartSource site search 'bully dog' returned 0 results.,,4
https://partsource.ca/search?q=performance+tuner,2026-10-02,PartSource (partsource.ca),PartSource site search 'performance tuner' returned 2 Equus analog gauges and no tuner.,,4
https://partsource.ca/search?q=heads+up+display,2026-10-02,PartSource (partsource.ca),PartSource site search 'heads up display' returned 0 results.,,4
https://partsource.ca/search?q=edge+insight,2026-10-02,PartSource (partsource.ca),"PartSource site search 'edge insight' returned 66 unrelated results (wiper, brake, gasket parts); no Edge product.",,4
https://www.amazon.ca/s?k=bully+dog+gt+tuner,2026-10-02,Amazon.ca (live listing page; not a Helium 10 figure),"amazon.ca search on 2026-10-02 showed Bully Dog 40420 GT Platinum Diesel (B001T8J4YK) CA$515.38, 40410 Triple Dog GT Gas (B001P20QDS) CA$538.80, 40417 Triple Dog Platinum GT Gas (B06XWVYJGV) CA$498.79, 40430 Hemi Plus (B00AJLY628) CA$580.80, '40428canada Only Part' (B01602JWV4) CA$899.00, Edge 84130-3 Insight CTS3 (B087WMGLF1) CA$662.83.",40428canada Only Part,4
https://www.amazon.ca/s?k=edge+evolution+cts3,2026-10-02,Amazon.ca (live listing page; not a Helium 10 figure),"amazon.ca search on 2026-10-02 showed Edge Evolution CTS3 85400-200 (B08N824D1J) CA$1,022.98, 85400-300 (B09JL42PPV) CA$1,022.98, 85400-100 (B08YJQCTH2) CA$1,022.98, 85401-201 'CA Edition' (B08YJLFVW7) CA$1,085.34, 85452-252 GM gas (B08YJHM4QJ) CA$1,109.03.",Edge 85401-201 Evolution CTS3 Programmer - CA Edition,4
https://www.amazon.ca/s?k=banks+idash,2026-10-02,Amazon.ca (live listing page; not a Helium 10 figure),"amazon.ca search on 2026-10-02 showed Banks iDash 1.8 DataMonster 66760 (B084KPRZ9J) CA$789.38, iDash 1.8 Super Gauge (B079WV5GXC) CA$876.42, iDash Data Pro (B0GNCW4XKM) CA$772.25.",Banks iDash 1.8 DataMonster,4
https://www.amazon.ca/s?k=scangauge,2026-10-02,Amazon.ca (live listing page; not a Helium 10 figure),amazon.ca search on 2026-10-02 showed ScanGauge II SGIIFFP (B00VX2NOK2) CA$229.95 and ScanGauge 3 SG3 (B0BFBQZZMC) CA$407.59.,"3 Touch Screen OBD2 Scanner, Digital Gauges & Trip Computer SG3",4
https://www.amazon.ca/s?k=superchips+flashpaq,2026-10-02,Amazon.ca (live listing page; not a Helium 10 figure),amazon.ca search on 2026-10-02 showed Superchips Flashpaq F5 2845 (B017J844SY) CA$647.77 and 4845 Flashpaq F5 California Edition (B017J7SKUS) CA$646.37.,4845 Flashpaq F5 California Edition Tuner,4
https://www.amazon.ca/s?k=superchips+dashpaq,2026-10-02,Amazon.ca (live listing page; not a Helium 10 figure),"amazon.ca search on 2026-10-02 showed Superchips Dashpaq+ 20501 (B09Z7BTBW4) CA$1,317.82 and Dashpaq 1050 for Ford diesel (B07232K7PS) CA$1,067.24.",1050 Dashpaq for Ford Diesel Vehicle,4
https://www.amazon.ca/s?k=ultragauge,2026-10-02,Amazon.ca (live listing page; not a Helium 10 figure),amazon.ca search on 2026-10-02 returned UltraGauge-branded listings (B0HC61NG3H CA$127.63; B0H1GKDT6S CA$137.64) titled MX V1.3; seller authenticity not verified.,UltraGauge Transmission Temperature Sensor OBD2 Readout Tool,4
https://www.amazon.ca/dp/B001T8J4YK,2026-10-02,Amazon.ca (live listing page; not a Helium 10 figure),amazon.ca breadcrumb for Bully Dog 40420 GT Platinum Diesel is Automotive > Replacement Parts > Engines & Engine Parts > Engine Management Systems.,Engine Management Systems,8
https://www.amazon.ca/dp/B001P20QDS,2026-10-02,Amazon.ca (live listing page; not a Helium 10 figure),amazon.ca breadcrumb for Bully Dog 40410 Triple Dog GT Gas Gauge Tuner is Automotive > Replacement Parts > Engines & Engine Parts > Engine Management Systems.,Engine Management Systems,8
https://www.amazon.ca/dp/B08N824D1J,2026-10-02,Amazon.ca (live listing page; not a Helium 10 figure),amazon.ca breadcrumb for Edge 85400-200 Evolution CTS3 is Automotive > Replacement Parts > Lighting & Electrical > Gauges > Specialty.,Gauges › Specialty,8
https://www.amazon.ca/dp/B087WMGLF1,2026-10-02,Amazon.ca (live listing page; not a Helium 10 figure),amazon.ca breadcrumb for Edge 84130-3 Insight CTS3 is Automotive > Tools & Equipment > Diagnostic & Test Tools > Code Readers & Scan Tools.,Code Readers & Scan Tools,8
https://www.amazon.ca/dp/B0957S3F3H,2026-10-02,Amazon.ca (live listing page; not a Helium 10 figure),amazon.ca breadcrumb for wiiyii P6 OBD+GPS HUD is Automotive > Replacement Parts > Lighting & Electrical > Gauges > Speedometers.,Gauges › Speedometers,8
https://www.amazon.ca/dp/B084KPRZ9J,2026-10-02,Amazon.ca (live listing page; not a Helium 10 figure),amazon.ca breadcrumb for Banks iDash 1.8 DataMonster is Automotive > Replacement Parts > Ignition Parts > Engine Computers.,Engine Computers,8
https://www.amazon.ca/dp/B017J844SY,2026-10-02,Amazon.ca (live listing page; not a Helium 10 figure),amazon.ca breadcrumb for Superchips 2845 Flashpaq F5 is Automotive > Tools & Equipment > Diagnostic & Test Tools.,Diagnostic & Test Tools,8
https://lordco.com/Product/Wireless-Bluetooth-OBD2-Scanner-No-Subscription-iPhone-Android-Compatibility-Read-Erase-ABS-SRS-Check-Engine-Light-View-and-Graph-Live-Data-Free-Fix-and-Part-Recommendations-3833215RS,2026-10-02,Lordco Auto Parts (lordco.com),"Lordco lists Innova 3215RS wireless Bluetooth OBD2 scanner (part 3833215RS) at CA$159.99, in stock online.",Wireless Bluetooth OBD2 Scanner: No Subscription,6
https://lordco.com/Product/Code-Scanner-Free-App-With-No-Subscription-Battery-Charging-System-Test-Graph-Record-Live-Data-Read-Clear-Check-Engine-Light-Free-Fix-and-Part-Recommendations-3833210RS,2026-10-02,Lordco Auto Parts (lordco.com),"Lordco lists Innova 3210RS code scanner with free app (part 3833210RS) at CA$75.99, in stock online.",Code Scanner: Free App With No Subscription,6
https://www.napacanada.com/en/search?text=obd2&referer=v2,2026-10-02,"NAPA Auto Parts Canada (napacanada.com, UAP Inc.)","NAPA Canada lists Innova Drive OBD2 Dongle INO 3215RS CA$211.99, Innova Basic Bluetooth OBD2 Scanner INO 3210RS CA$99.99, Innova CAN OBD2 reader INO 3020RS CA$105.99.",Innova Drive Obd2 Dongle,6
https://apps.apple.com/ca/app/id1462864362,2026-10-02,Apple App Store - Canada storefront,"RepairSolutions2 (Innova Electronic) is on the Canadian App Store, free with in-app purchases (1-Month MOTOR Report CA$19.99, 1-Year MOTOR Report CA$39.99, Vehicle History Report CA$12.99); live data is a customizable feed with line graphs and recorded sessions; no gauge, HUD, alarm or CarPlay feature is described.",Access a customizable LIVE data feed with the ability to choose specific data inputs,6
https://play.google.com/store/apps/details?id=com.innova.rs2&hl=en_CA&gl=CA,2026-10-02,Google Play,"RepairSolutions2 Android listing (com.innova.rs2): 1M+ downloads, in-app purchases, same customizable LIVE data feed text; no gauge or Android Auto feature described.","create line graphs, record and access previous LIVE data recording sessions",6
https://apps.apple.com/us/app/id6738333261,2026-10-02,Apple App Store - US storefront,"CarMD Connect (CarMD.com Corporation) is on the US App Store, free, iPhone only; offers vehicle health monitoring, alerts, location sharing; says no subscriptions; no gauge/live-data dashboard described.",No subscriptions. No hidden fees.,6
https://apps.apple.com/ca/app/id6738333261,2026-10-02,Apple App Store - Canada storefront,"The Canadian App Store URL for CarMD Connect (id6738333261) returned HTTP 404 on 2026-10-02, i.e. not listed on the Canadian iOS storefront.",,6
https://apps.apple.com/ca/developer/carmd-com-corporation/id996226191,2026-10-02,Apple App Store - Canada storefront,CarMD.com Corporation's Canadian developer page lists only CarMD Pro Scan 2.0 (a repair-shop business tool); CarMD Connect is absent.,,6
https://carmd.com/products/carmd-connect,2026-10-02,CarMD (carmd.com),CarMD Connect device priced $99.98 USD on carmd.com with free app and no subscription; page cites insights from the vehicle's live data.,Personalized insights from your vehicle's live data,6
https://apps.apple.com/ca/app/id879636351,2026-10-02,Apple App Store - Canada storefront,"OBDLink app (OBD Solutions) on the Canadian App Store: customizable dashboards, HUD mode on dashboards, configurable Alerts, CSV data logging, enhanced diagnostics add-ons (e.g. Ford, FCA, Toyota) at CA$19.99 each, free OEM add-ons with MX+; works only with OBDLink adapters.","MX+ provides Unlimited Free OEM Add-ons, No in-app fees",6
https://apps.apple.com/ca/app/id445403397,2026-10-02,Apple App Store - Canada storefront,"BlueDriver app (Lemur Vehicle Monitors) on the Canadian App Store is free with no in-app purchases listed; live data with multi-PID interactive graphing; enhanced codes (ABS, transmission); no gauge dashboard, HUD or alarms described.",View live data with multi-PID interactive graphing,6
https://us.bluedriver.com/products/bluedriver-scan-tool,2026-10-02,"BlueDriver (us.bluedriver.com, US store)",BlueDriver Pro sensor listed at $139.95 on the US store (USD); live data can be captured and shared.,Capture and share any live data supported by the vehicle.,6
https://apps.apple.com/ca/app/id957168651,2026-10-02,Apple App Store - Canada storefront,"FIXD app on the Canadian App Store: FIXD Premium yearly CA$129.99, monthly CA$17.99, weekly CA$9.99; release notes mention Live Data, Guardian alerts and Premium Drive Analysis (records a test drive).",record a test drive and get an AI health summary,6
https://apps.apple.com/ca/app/id954363569,2026-10-02,Apple App Store - Canada storefront,"Carista OBD2 on the Canadian App Store: live data, manufacturer-specific module diagnostics, DPF regeneration service function, Apple CarPlay shows basic OBD2 live data; in-app purchase list shows Pro tiers incl. 1 month Pro CA$19.99 and Pro CA$79.99; description quotes GBP pricing.",Apple CarPlay support: view basic OBD2 live data on your car's screen,6
https://apps.apple.com/ca/app/id1259933623,2026-10-02,Apple App Store - Canada storefront,"Car Scanner ELM OBD2 on the Canadian App Store: own dashboard with gauges and charts, custom extended PIDs, HUD mode for windshield projection; Pro forever CA$9.99, 1 year CA$6.49, 6 months CA$5.49.",Layout your own dashboard with the gauges and charts you want!,6
https://apps.apple.com/ca/app/id321293183,2026-10-02,Apple App Store - Canada storefront,"DashCommand (developer Auto Meter Products, Inc.) on the Canadian App Store: paid CA$12.99, OBD-II dashboards, data logging, alarms, manufacturer-specific data packs via in-app purchase (e.g. GM/Ford packs CA$12.99 each).",Transform your iPhone into a customizable display and monitoring system.,6
https://play.google.com/store/apps/details?id=org.prowl.torque&hl=en_CA&gl=CA,2026-10-02,Google Play,"Torque Pro (Ian Hawkins, Android): custom dashboard widgets/gauges, themes, HUD mode, alarms with voice, CSV/KML log export; listed $4.95 one-time (currency as rendered to a non-Canadian request, CAD not confirmed); 1M+ downloads.",Heads up display / HUD mode for night time driving,6
