"URL","Image URL","ASIN","Title","Brand","Fulfillment","Category","BSR","UPC","GTIN","EAN","ISBN","Subcategory","Subcategory BSR","Price","Price Trend (90 days) (%)","Parent Level Sales","ASIN Sales","Sales Trend (90 days) (%)","Parent Level Revenue","ASIN Revenue","Review Count","Reviews Rating","Seller","Seller Country/Region","Number of Active Sellers","Last Year Sales","Sales Year Over Year (%)","Size Tier","Length","Width","Height","Weight","Storage Fee (Jan - Sep)","Storage Fee (Oct - Dec)","Best Sales Period","Age (Month)","Number of Images","Variation Count","Sales to Reviews"
"https://amazon.com/dp/B0CMDK4T19","https://m.media-amazon.com/images/I/61N9iDLNOVL._SX450_.jpg","B0CMDK4T19","AGM Global Vision 14NV4122483011 Model NVG-40 NL1 Night Vision Binoculars; Redundant Dual-Tube Design; True Stereoscopic Vision; Waterproof; Built-in IR Illuminator and Flood Lens; 1x Magnification","Generic","FBM","Sports & Outdoors",2261788,"N/A","N/A","N/A","N/A","Night Vision Binoculars & Goggles",1262,6163.7,-17,0,0,,"-","-","N/A","N/A","Sale Stores ✅","USA",1,1,"N/A","N/A","N/A","N/A","N/A","N/A","N/A","N/A","03/31/2025",28,5,0,"N/A"
"https://amazon.com/dp/B0CLMCPWB2","https://m.media-amazon.com/images/I/71t5KnZIJ3L._SX450_.jpg","B0CLMCPWB2","Aluminum Alloy Binocular Bridge Folding Arm Mount Bracket for PVS14 Dual Night Vision Mount PVS-14 Light Weight Dual Tube Mounting System IC AN/PVS-14LW - Fully CNC-Controlled Aluminum Alloy (Size :","LEESEN","FBM","Sports & Outdoors",2266421,"N/A","N/A",9496269005251,"N/A","Night Vision Binoculars & Goggles",1274,203.45,-11,0,0,,"-","-","N/A","N/A","Cloud Pigeon","China",1,0,"N/A","Large Standard-Size",1.18,0.79,0.39,1.1,"N/A","N/A","03/31/2024",29,7,2,"N/A"
"https://amazon.com/dp/B0CLMBSM95","https://m.media-amazon.com/images/I/61kfnZS2tEL._SX450_.jpg","B0CLMBSM95","Aluminum Alloy Binocular Bridge Folding Arm Mount Bracket For PVS14 Dual Night Vision Mount PVS-14 Light Weight Dual Tube Mounting System IC AN/PVS-14LW - Fully CNC-controlled Aluminum Alloy ( Size :","LEESEN","FBM","Sports & Outdoors",2266898,"N/A","N/A",9496269005268,"N/A","Night Vision Binoculars & Goggles",1263,203.45,-5,0,0,,"-","-","N/A","N/A","Cloud Pigeon","China",1,0,"N/A","Large Standard-Size",1.18,0.79,0.39,1.1,"N/A","N/A","03/31/2024",29,7,2,"N/A"
"https://amazon.com/dp/B0DHRTH144","https://m.media-amazon.com/images/I/51q0FllPCZL._SX450_.jpg","B0DHRTH144","Digital Monocular Telescope, 2.5K HD NightVision Monocular, 10X Digital Zoom 7 Gear Infrared NightVision Monocular for Travel Concerts","GOWENIC","FBM","Sports & Outdoors",2267384,"N/A","N/A","N/A","N/A","Night Vision Monoculars",549,55.17,-10,0,0,,"-","-","N/A","N/A","Archuus","China",1,0,"N/A","Large Standard-Size",6.69,3.54,3.15,0.64,"N/A","N/A","03/31/2025",18,9,0,"N/A"
"https://amazon.com/dp/B0BWSB5BTT","https://m.media-amazon.com/images/I/71dvL9KcJkL._SX450_.jpg","B0BWSB5BTT","True North PVS-31 / BNVD-1531 / ANVIS NVG 4 Cell Remote Battery Pack + 25"" BNVD Cable","Generic","FBM","Sports & Outdoors",2274092,715450123215,"N/A",0715450123215,"N/A","Night Vision Binoculars & Goggles",1279,400,-51,0,0,,"-","-","N/A","N/A","TrueNorth Essentials","USA",1,0,"N/A","N/A","N/A","N/A","N/A","N/A","N/A","N/A","03/31/2025",37,5,0,"N/A"
"https://amazon.com/dp/B0BBSW2BFG","https://m.media-amazon.com/images/I/51wkFYQJj5L._SX450_.jpg","B0BBSW2BFG","AGM Global Vision 11P14123484121 Model PVS-14 3AW2 Night Vision Monocular, Waterproof, Built-in Infrared Illuminator and Flood Lens, Manual Gain Control, 1x Magnification, Auto Shut-Off System","AGM Global Vision","FBM","Sports & Outdoors",2277504,785249841484,"N/A",0785249841484,"N/A","Night Vision Monoculars",550,4800,-49,0,0,,"-","-","N/A","N/A","Sale Stores ✅","USA",2,0,"N/A","N/A","N/A","N/A","N/A","N/A","N/A","N/A","02/28/2025",43,6,0,"N/A"
"https://amazon.com/dp/B0DPN15RH6","https://m.media-amazon.com/images/I/51PXyRKwuiL._SX450_.jpg","B0DPN15RH6","WGFXYBFY Rechargeable Night-Vision Monocular Device, 850nm Digital Infrared Night Vision Scope, with 1.54 Inch Display and 1700mah Battery, Supports Charging While Using, Black","WGFXYBFY","FBM","Sports & Outdoors",2281435,"N/A","N/A",1092148481420,"N/A","Night Vision Monoculars",551,129.99,-26,0,0,,"-","-","N/A","N/A","Xiaofugui Shop","China",1,0,"N/A","N/A","N/A","N/A","N/A","N/A","N/A","N/A","02/28/2025",15,7,0,"N/A"
"https://amazon.com/dp/B0DMVYH2GM","https://m.media-amazon.com/images/I/51MvSH-F60L._SX450_.jpg","B0DMVYH2GM","Hanglong Night Vision Lanyard Elastic Retention Bungee Cord for PVS7/14 PVS31 Helmet mount Reinforcement Rope Tourniquet Fixed strap (Ranger Green)","Hanglong","FBM","Sports & Outdoors",2284133,765914834690,"N/A",0765914834690,"N/A","Night Vision Binoculars & Goggles",1282,6.98,-30,0,0,,"-","-","N/A","N/A","zhao66277","China",1,0,"N/A","N/A","N/A","N/A","N/A","N/A","N/A","N/A","-",16,8,0,"N/A"
"https://amazon.com/dp/B01HDXT6GA","https://m.media-amazon.com/images/I/910lFzWMcsL._SX450_.jpg","B01HDXT6GA","L3 Insight Technology PEQ-15 Pattern Generators (Tan)","L3","FBM","Sports & Outdoors",2287730,735255927092,"N/A",0735255927092,"N/A","Night Vision Monoculars",552,84.99,-12,0,0,-133,"-","-","N/A","N/A","MODArmory","USA",1,4,100,"N/A","N/A","N/A","N/A","N/A","N/A","N/A","11/30/2025",117,1,1,"N/A"
"https://amazon.com/dp/B0DFYPGLF7","https://m.media-amazon.com/images/I/61Zmz64VroL._SX450_.jpg","B0DFYPGLF7","WGFXYBFY NV8160 Head-Mounted Night Vision Goggles,Rechargeable 2.7 Inch Night Vision Binoculars,1312FT Digital Infrared Spoce for Adults,7 Infrared Adjustment,with 32GB SD Card","WGFXYBFY","FBM","Sports & Outdoors",2289693,"N/A","N/A",1092148475306,"N/A","Night Vision Binoculars & Goggles",1283,189.99,-62,0,0,,"-","-","N/A","N/A","Xiaofugui Shop","China",1,0,"N/A","N/A","N/A","N/A","N/A","N/A","N/A","N/A","-",18,7,0,"N/A"
"https://amazon.com/dp/B09W174NPF","https://m.media-amazon.com/images/I/41iGzrjoVoL._SX450_.jpg","B09W174NPF","UNI-T UTX318 Hunting Thermal Imager Handheld Night Vision Outdoor Monocular Observation Infrared Thermal Imager","UNI-T","FBM","Sports & Outdoors",2293273,749666767567,"N/A",6935750531808,"N/A","Night Vision Monoculars",553,989,15,0,0,,"-","-","N/A","N/A","Yuqiao--Store","Hong Kong",1,0,"N/A","N/A","N/A","N/A","N/A","N/A","N/A","N/A","02/28/2025",48,1,0,"N/A"
"https://amazon.com/dp/B0CKZCXQKY","https://m.media-amazon.com/images/I/61fPpCfAaTL._SX450_.jpg","B0CKZCXQKY","AGM 13F8P822153211 FoxBat-8 NL1 – Night Vision Bi-Ocular 8X with Gen 2+ ""Level 1""; Included: NVB, Long-Range Infrared Illuminator, Tripod, and Hard Case; Super-Fast, Multi-Coated, All-Glass Optics","Generic","FBM","Sports & Outdoors",2295351,850038039813,"N/A",0850038039813,"N/A","Night Vision Monoculars",554,3982.16,-27,0,0,,"-","-","N/A","N/A","Sale Stores ✅","USA",2,6,"N/A","N/A","N/A","N/A","N/A","N/A","N/A","N/A","02/28/2025",29,7,0,"N/A"
"https://amazon.com/dp/B0DMD5H4HR","https://m.media-amazon.com/images/I/61ksIHEeCHL._SX450_.jpg","B0DMD5H4HR","Night Vision Goggles for Helmet, Head Mounted Digital Night Vision Monocular with 4 Color Modes, 3X Magnification Infrared HD Record&Playback Goggles for Hunting Surveillance Camping","allsNice","FBA","Sports & Outdoors",2296319,"N/A",06934399226298,"N/A","N/A","Night Vision Monoculars",555,219.89,-15,0,0,,"-","-","N/A","N/A","AllsNice","China",1,0,"N/A","Large Standard-Size",5.91,2.36,6.69,1.54,47.01,129.68,"01/31/2025",16,7,0,"N/A"
"https://amazon.com/dp/B0DN5M3V2Q","https://m.media-amazon.com/images/I/61OYyEPSqqL._SX450_.jpg","B0DN5M3V2Q","WGFXYBFY NVG 50 Night Vision Goggles, Helmet Mounted Night Vision Monocular, 4 Color Effects Day and Night Use Support WiFi, for Camping and Surveillance","WGFXYBFY","FBM","Sports & Outdoors",2302166,"N/A","N/A",1092148480577,"N/A","Night Vision Monoculars",556,659.99,-37,0,0,,"-","-","N/A","N/A","Xiaofugui Shop","China",1,0,"N/A","N/A","N/A","N/A","N/A","N/A","N/A","N/A","01/31/2025",16,6,0,"N/A"
"https://amazon.com/dp/B0DNSXTLG5","https://m.media-amazon.com/images/I/71S7dGsBmgL._SX450_.jpg","B0DNSXTLG5","BGHJIKGFS Kids Teens Night Vision Binoculars with 8X Zoom and LED Light, 32GB TF Card, Children Night Vision Goggles with 2.4 Inch Display for Photo and Video","BGHJIKGFS","FBM","Sports & Outdoors",2307520,"N/A","N/A",7504599530359,"N/A","Night Vision Binoculars & Goggles",1287,74.29,"N/A",0,0,,"-","-","N/A","N/A","XUlI STORE","China",1,0,"N/A","Small Standard-Size",1.18,0.79,0.39,0.11,"N/A","N/A","-",16,5,0,"N/A"
"https://amazon.com/dp/B01M3Y4IJ3","https://m.media-amazon.com/images/I/71i-4+sLn2L._SX450_.jpg","B01M3Y4IJ3","NightStar Digital Night Vision 4x42mm Monocular, Black, NS41442","NIGHTSTAR","FBM","Sports & Outdoors",2307791,799599164032,00799599164032,0799599164032,"N/A","Night Vision Monoculars",557,124.69,1,0,0,,"-","-",1,5,"KART IT","USA",2,0,"N/A","Large Standard-Size",3.31,4.84,8.58,1.17,"N/A","N/A","01/31/2025",112,10,0,0
"https://amazon.com/dp/B0CY9BG74V","https://m.media-amazon.com/images/I/61U9WyySNeL._SX450_.jpg","B0CY9BG74V","Ultimate Night Vision Goggles - 2.7K Digital Infrared Binoculars for Adults | Day and Night Vision | 3'' Screen | Rechargeable | 7-Brightness Levels","YangDiana","-","Sports & Outdoors",2309611,095900974810,"N/A",0095900974810,"N/A","Night Vision Binoculars & Goggles",1290,45.99,-11,0,0,,"-","-","N/A","N/A",,"N/A",1,0,"N/A","N/A","N/A","N/A","N/A","N/A","N/A","N/A","-",43,9,0,"N/A"
"https://amazon.com/dp/B0D9K95J2Y","https://m.media-amazon.com/images/I/61UFyG6qyGL._SX450_.jpg","B0D9K95J2Y","SKIOVEMI Night Vision Scope/Digital Night Vision Goggles Monocular for Adults, Helmet Mounted Night Vision Goggles with 1.54 in HD Screen for Fishing, Hiking and Outdoor Activities","SKIOVEMI","FBM","Sports & Outdoors",2312703,"N/A","N/A",1091475293195,"N/A","Night Vision Monoculars",559,165,3,0,0,,"-","-","N/A","N/A","SKIOVEMI","China",1,0,"N/A","N/A","N/A","N/A","N/A","N/A","N/A","N/A","12/31/2024",20,7,0,"N/A"
"https://amazon.com/dp/B0CX8P7B94","https://m.media-amazon.com/images/I/41dstfiE4eL._SX450_.jpg","B0CX8P7B94","AMNOUR PVS 14 PVS 31 Objective Lens Aluminum Holder Ring Fixing Ring locating Ring seat Ring Night Vision Tube Monocular, Black, JTSF9648","AMNOUR","FBM","Sports & Outdoors",2313846,"N/A","N/A",3440368612601,"N/A","Night Vision Monoculars",560,59.11,-15,0,0,,"-","-","N/A","N/A","Shangxing Home Furnishing Store","China",1,0,"N/A","Small Standard-Size",1.18,0.79,0.39,0.11,"N/A","N/A","01/31/2025",24,4,1,"N/A"
"https://amazon.com/dp/B0DDPKKPC2","https://m.media-amazon.com/images/I/519-Sx19wSL._SX450_.jpg","B0DDPKKPC2","GoAssemb Helmet-Style Night Vision Telescope, 4K Night Vision Accessories for Adults, Monocular Digital Device with Super Bright Infrared Light, 32G Memory","GoAssemb","FBM","Sports & Outdoors",2321414,"N/A","N/A",6213960472006,"N/A","Night Vision Binoculars & Goggles",1296,125.99,-37,0,0,,"-","-","N/A","N/A","JRKJFU","China",1,0,"N/A","Large Standard-Size",7.87,3.94,3.94,1.06,"N/A","N/A","-",19,7,0,"N/A"
"https://amazon.com/dp/B0DPMMH6P2","https://m.media-amazon.com/images/I/71f9k07xxgL._SX450_.jpg","B0DPMMH6P2","WGFXYBFY 4K Night Vision Goggles, Head Mounted Night Vision Monocular 8X Digital Zoom 7-Level Infrared with Wristband, Headband and 32GB TF Card to Photo and Video for Camping","WGFXYBFY","FBM","Sports & Outdoors",2321646,"N/A","N/A",1092148481383,"N/A","Night Vision Monoculars",562,139.99,-14,1,1,,142.59,142.55,"N/A","N/A","Xiaofugui Shop","China",1,1,"N/A","N/A","N/A","N/A","N/A","N/A","N/A","N/A","02/28/2026",15,7,0,"N/A"
"https://amazon.com/dp/B0DQ8JP1X8","https://m.media-amazon.com/images/I/61lqhASje1L._SX450_.jpg","B0DQ8JP1X8","WGFXYBFY 3280 FT Infrared Night Vision Goggles - Military Grade Night Vision Scope, 5 Levels Infrared, 3.5X Digital Zoom Can Connect to WiFi with 9 Patterns of Front Sight, for Hunting,50mm/850nm","WGFXYBFY","FBM","Sports & Outdoors",2322125,"N/A","N/A",1092148482045,"N/A","Night Vision Binoculars & Goggles",1286,659.98,-32,0,0,,"-","-","N/A","N/A","Xiaofugui Shop","China",1,0,"N/A","N/A","N/A","N/A","N/A","N/A","N/A","N/A","-",15,7,0,"N/A"
"https://amazon.com/dp/B0DN5PK1LG","https://m.media-amazon.com/images/I/61vh2ba3jYL._SX450_.jpg","B0DN5PK1LG","WGFXYBFY Night Vision Monocular for Adults, 940nm Infrared Night Vision Scope 45° Wide Field of View Night Vision Goggles, 4X Magnification Support WiFi for Camping and Observe Wildlife","WGFXYBFY","FBM","Sports & Outdoors",2324327,"N/A","N/A",1092148480553,"N/A","Night Vision Monoculars",563,659.99,-22,0,0,,"-","-","N/A","N/A","Xiaofugui Shop","China",1,0,"N/A","N/A","N/A","N/A","N/A","N/A","N/A","N/A","01/31/2025",16,6,0,"N/A"
"https://amazon.com/dp/B0BFHFXJVX","https://m.media-amazon.com/images/I/51Vyuop+5lL._SX450_.jpg","B0BFHFXJVX","Mens Night Vision Sports Sunglasses Reader square Driving Bifocal Reading Glasses Goggles Safety Nighttime UV Protection (black yellow, 3.75, multiplier_x)","willochra","FBM","Sports & Outdoors",2324368,"N/A","N/A","N/A","N/A","Night Vision Binoculars & Goggles",1297,25.37,-61,0,0,,"-","-","N/A","N/A","taoshangjing","China",1,1,"N/A","N/A","N/A","N/A","N/A","N/A","N/A","N/A","12/31/2024",42,8,14,"N/A"
"https://amazon.com/dp/B0BFHGGXPD","https://m.media-amazon.com/images/I/51Vyuop+5lL._SX450_.jpg","B0BFHGGXPD","Mens Night Vision Sports Sunglasses Reader square Driving Bifocal Reading Glasses Goggles Safety Nighttime UV Protection (black yellow, 0, multiplier_x)","willochra","FBM","Sports & Outdoors",2324691,"N/A","N/A","N/A","N/A","Night Vision Binoculars & Goggles",1298,13.77,-71,0,0,,"-","-","N/A","N/A","taoshangjing","China",1,1,"N/A","N/A","N/A","N/A","N/A","N/A","N/A","N/A","12/31/2024",42,8,14,"N/A"
"https://amazon.com/dp/B0DCQ49K9T","https://m.media-amazon.com/images/I/51AAeeFnsFL._SX450_.jpg","B0DCQ49K9T","ATN NVMPAN142G NVM14-2G, Night Vision Monocular gen 2+ 58-60lp/mm - P43 Green Phosphor","ATN","FBM","Sports & Outdoors",2328225,658175124214,00658175124214,0658175124214,"N/A","Night Vision Monoculars",564,2599.98,2,0,0,,"-","-","N/A","N/A","EuroOptic (✅ Authorized Dealer ✅ Fastest Shipping)","USA",1,0,"N/A","Large bulky",12,15,10,5,"N/A","N/A","01/31/2025",19,1,0,"N/A"
"https://amazon.com/dp/B0D69TRB7P","https://m.media-amazon.com/images/I/61WHQKtR94L._SX450_.jpg","B0D69TRB7P","Twilite Night Vision Monocular - Full Color 4-8x40mm Digital Night Vision Camera for Camping Hunting & Fishing","Hwishare","FBA","Sports & Outdoors",2329201,767461375398,"N/A",0767461375398,"N/A","Night Vision Monoculars",565,999,-44,0,0,,"-","-","N/A","N/A","Hwishare US","China",1,0,"N/A","Large Standard-Size",9.8,8.1,3.1,2.6,123.89,341.78,"-",21,8,0,"N/A"
"https://amazon.com/dp/B0DDCK1WCT","https://m.media-amazon.com/images/I/61enmdC93cL._SX450_.jpg","B0DDCK1WCT","SKIOVEMI Head Mounted Night Vision Goggles with Head Strap and 32GB SD Card, Digital Infrared Night Vision Binoculars for Adults, 8X Digital Zoom","SKIOVEMI","FBM","Sports & Outdoors",2332297,"N/A","N/A",1091475294246,"N/A","Night Vision Binoculars & Goggles",1302,189,-22,0,0,,"-","-","N/A","N/A","SKIOVEMI","China",1,0,"N/A","N/A","N/A","N/A","N/A","N/A","N/A","N/A","-",19,7,0,"N/A"
"https://amazon.com/dp/B0DG1DHWLW","https://m.media-amazon.com/images/I/61W6NG1qxXL._SX450_.jpg","B0DG1DHWLW","WGFXYBFY Head Mounted Night Vision Monocular,4K Night Vision Goggles for Adults,Built-in 3000mah Lithium Battery,for Camping and Surveillance,Black","WGFXYBFY","FBM","Sports & Outdoors",2334566,"N/A","N/A",1092148475832,"N/A","Night Vision Monoculars",567,139.99,-31,1,1,,139.99,139.98,"N/A","N/A","Xiaofugui Shop","China",1,0,"N/A","N/A","N/A","N/A","N/A","N/A","N/A","N/A","11/30/2024",18,7,0,"N/A"
"https://amazon.com/dp/B0DNW2GPCV","https://m.media-amazon.com/images/I/61CARrF5SkL._SX450_.jpg","B0DNW2GPCV","WGFXYBFY 984 FT Night Vision Monocular, 1080P Infrared Night Vision Scope, with 7 Types of Infrared Crosshairs 4X Digital Zoom and 3400mah Rechargeable Battery, for Camping and Wildlife Watching,850NM","WGFXYBFY","FBM","Sports & Outdoors",2334904,"N/A","N/A",1092148480928,"N/A","Night Vision Monoculars",568,249.99,"N/A",0,0,,"-","-","N/A","N/A","Xiaofugui Shop","China",1,1,"N/A","N/A","N/A","N/A","N/A","N/A","N/A","N/A","11/30/2024",16,7,2,"N/A"
"https://amazon.com/dp/B0DNW3WSQT","https://m.media-amazon.com/images/I/61CARrF5SkL._SX450_.jpg","B0DNW3WSQT","WGFXYBFY 984 FT Night Vision Monocular, 1080P Infrared Night Vision Scope, with 7 Types of Infrared Crosshairs 4X Digital Zoom and 3400mah Rechargeable Battery, for Camping and Wildlife Watching,940NM","WGFXYBFY","FBM","Sports & Outdoors",2334945,"N/A","N/A",1092148480935,"N/A","Night Vision Monoculars",568,269.99,-9,0,0,,"-","-","N/A","N/A","Xiaofugui Shop","China",1,1,"N/A","N/A","N/A","N/A","N/A","N/A","N/A","N/A","11/30/2024",16,7,2,"N/A"
"https://amazon.com/dp/B0DNMP6J7Q","https://m.media-amazon.com/images/I/71c20eqzLhL._SX450_.jpg","B0DNMP6J7Q","WGFXYBFY 4.3"" Infrared Night Vision Scope 850nm Night Vision Monocular for Adults, Can Be Used Day or Night for Outdoor Hunting Device","WGFXYBFY","FBM","Sports & Outdoors",2335474,"N/A","N/A",1092148480737,"N/A","Night Vision Monoculars",569,129.99,-9,0,0,,"-","-","N/A","N/A","Xiaofugui Shop","China",1,0,"N/A","N/A","N/A","N/A","N/A","N/A","N/A","N/A","11/30/2024",16,7,0,"N/A"
"https://amazon.com/dp/B0D9S4FYQQ","https://m.media-amazon.com/images/I/61iQdtbX8XL._SX450_.jpg","B0D9S4FYQQ","SKIOVEMI Night Vision Monocular - 1080P Video Camera Infrared Dark Vision Device, 350M Photo Taking Video Recording for Outdoor Fishing Boating","SKIOVEMI","FBM","Sports & Outdoors",2337085,"N/A","N/A",1091475293355,"N/A","Night Vision Monoculars",570,174,-11,0,0,,"-","-","N/A","N/A","SKIOVEMI","China",1,0,"N/A","N/A","N/A","N/A","N/A","N/A","N/A","N/A","12/31/2024",20,7,0,"N/A"
"https://amazon.com/dp/B0BV6J7TZZ","https://m.media-amazon.com/images/I/31vzSXPfIQL._SX450_.jpg","B0BV6J7TZZ","TD430 TD Series Handheld Thermal Imaging Monocular Infrared Thermal Imager Scope Monocular (TD430)","GOYOJO","FBM","Sports & Outdoors",2342877,614162612836,"N/A",0614162612836,"N/A","Night Vision Monoculars",571,2130,-35,0,0,,"-","-","N/A","N/A","HUITEN","China",2,0,"N/A","N/A","N/A","N/A","N/A","N/A","N/A","N/A","12/31/2025",13,9,0,"N/A"
"https://amazon.com/dp/B0DFYPPHB2","https://m.media-amazon.com/images/I/61nts-TjB6L._SX450_.jpg","B0DFYPPHB2","WGFXYBFY Infrared Digital Night Vision Scope,Full Color Night Vision in Low Light,3"" Screen Night Vision Goggles,About 600 Meters View Distance in Complete Darkness,for Camping,Hiking","WGFXYBFY","FBM","Sports & Outdoors",2347898,"N/A","N/A",1092148475559,"N/A","Night Vision Binoculars & Goggles",1308,159.99,-25,0,0,,"-","-","N/A","N/A","Xiaofugui Shop","China",1,0,"N/A","N/A","N/A","N/A","N/A","N/A","N/A","N/A","11/30/2024",18,7,0,"N/A"
"https://amazon.com/dp/B0DFCGS1KY","https://m.media-amazon.com/images/I/61neiEZaIrL._SX450_.jpg","B0DFCGS1KY","MIRAGETARGET L4 G24 NVG Mount PVS 15/18 NVG Mount Night Vision Goggles Helmet Mount","MIRAGETARGET","FBM","Sports & Outdoors",2349175,"N/A","N/A","N/A","N/A","Night Vision Binoculars & Goggles",1299,96.99,"N/A",0,0,,"-","-","N/A","N/A","Haike Outdoor Sports INC","USA",1,0,"N/A","Large Standard-Size",1,1,1,1,"N/A","N/A","11/30/2024",19,1,0,"N/A"
"https://amazon.com/dp/B0D9667MYV","https://m.media-amazon.com/images/I/51gcSAtxVLL._SX450_.jpg","B0D9667MYV","HUVIOVED Night Vision Goggles for Adults, 3DVR Helmet Mounted Night Vision Binoculars/Night Vision Scope with 3D 8K Photo & 4K Video, 6X Zoom, for Outdoor Adventure, Include Dual 32GB TF Cards,B","HUVIOVED","FBM","Sports & Outdoors",2356157,"N/A","N/A",1091475292952,"N/A","Night Vision Binoculars & Goggles",1315,279,-31,0,0,,"-","-","N/A","N/A","TROXIE-US","China",1,1,"N/A","N/A","N/A","N/A","N/A","N/A","N/A","N/A","11/30/2024",20,7,2,"N/A"
"https://amazon.com/dp/B0D966Y4F9","https://m.media-amazon.com/images/I/51gcSAtxVLL._SX450_.jpg","B0D966Y4F9","HUVIOVED Night Vision Goggles for Adults, 3DVR Helmet Mounted Night Vision Binoculars/Night Vision Scope with 3D 8K Photo & 4K Video, 6X Zoom, for Outdoor Adventure, Include Dual 32GB TF Cards,A","HUVIOVED","FBM","Sports & Outdoors",2357945,"N/A","N/A",1091475292945,"N/A","Night Vision Binoculars & Goggles",1315,279,-3,0,0,,"-","-","N/A","N/A","TROXIE-US","China",1,1,"N/A","N/A","N/A","N/A","N/A","N/A","N/A","N/A","11/30/2024",20,7,2,"N/A"
"https://amazon.com/dp/B09RN3WKQL","https://m.media-amazon.com/images/I/71kGJ8PvlSL._SX450_.jpg","B09RN3WKQL","Bresser Nightlux 200 Pro Digital Night Vision Device Binocular, 3X with Digital Zoom (2X), Infrared Lighting, Large Display, Photo and Video Function","BRESSER","FBM","Sports & Outdoors",2358619,"N/A",04007922071817,4007922071817,"N/A","Night Vision Binoculars & Goggles",1317,266.43,-4,0,0,,"-","-",63,4.4,"Express Shipping ⭐⭐⭐⭐⭐","USA",1,1,"N/A","Large Standard-Size",4.02,8.62,10.55,2.15,"N/A","N/A","11/30/2024",55,9,0,0
"https://amazon.com/dp/B0DN5GXB89","https://m.media-amazon.com/images/I/61VnXlAOWLL._SX450_.jpg","B0DN5GXB89","WGFXYBFY Rechargeable Night Vision Monocular for Adults, HD Recording and Playback, for Camping with 16GB Memory Card, NVG50 Infrared Night Vision Scope","WGFXYBFY","FBM","Sports & Outdoors",2361849,"N/A","N/A",1092148480560,"N/A","Night Vision Monoculars",574,659.99,-52,0,0,,"-","-","N/A","N/A","Xiaofugui Shop","China",1,0,"N/A","N/A","N/A","N/A","N/A","N/A","N/A","N/A","-",16,6,0,"N/A"
"https://amazon.com/dp/B0CQCKPQ8G","https://m.media-amazon.com/images/I/51deP42yEZL._SX450_.jpg","B0CQCKPQ8G","FUIBEJAE Pilot Pro Night Vision 5X Infrared Monocular Monocular, Infrared Monoculars with Night Vision Videos and Playback Function for Outdoor","FUIBEJAE","FBM","Sports & Outdoors",2363777,"N/A","N/A",3001741557102,"N/A","Night Vision Monoculars",576,59.2,-54,0,0,,"-","-","N/A","N/A","SHUOCHENGUK","China",1,0,"N/A","N/A","N/A","N/A","N/A","N/A","N/A","N/A","10/31/2024",27,8,0,"N/A"
"https://amazon.com/dp/B091GCX2T4","https://m.media-amazon.com/images/I/51WP1deraRS._SX450_.jpg","B091GCX2T4","FMA Airsoft Paintball AN/PVS-18 NVG Night Vision Goggles Dummy Model TB388 (Black)","FMA","FBM","Sports & Outdoors",2372505,761587390044,"N/A",0761587390044,"N/A","Night Vision Binoculars & Goggles",1313,28.98,-25,0,0,,"-","-",1,5,"zhao66277","China",1,0,"N/A","N/A","N/A","N/A","N/A","N/A","N/A","N/A","11/30/2025",59,7,0,0
"https://amazon.com/dp/B0DM96JVB4","https://m.media-amazon.com/images/I/619+wp-1mgL._SX450_.jpg","B0DM96JVB4","WGFXYBFY 4K Head-Mounted Night Vision Goggles for Adults, Naked Eye 3D Night Vision Binoculars, 8X Digital Zoom, Built-in Dual Screen Digital Infrared Night Vision Scope for Camping","WGFXYBFY","FBM","Sports & Outdoors",2374403,"N/A","N/A",1092148480393,"N/A","Night Vision Binoculars & Goggles",1313,199.99,-44,0,0,,"-","-","N/A","N/A","Xiaofugui Shop","China",1,0,"N/A","N/A","N/A","N/A","N/A","N/A","N/A","N/A","-",16,7,0,"N/A"
"https://amazon.com/dp/B0CJQX78Q8","https://m.media-amazon.com/images/I/41SbfZW7NEL._SX450_.jpg","B0CJQX78Q8","IUPPA Digital Night Vision Scope Monocular 1080P 100-200M Travel Infrared Camcorder Support Photo Video Recording Mulle Language for Outdoor Camping Huntings Night Observation Boating","IUPPA","FBM","Sports & Outdoors",2377537,"N/A","N/A","N/A","N/A","Night Vision Monoculars",579,90.59,-44,0,0,,"-","-","N/A","N/A","YufaeleT","China",1,0,"N/A","N/A","N/A","N/A","N/A","N/A","N/A","N/A","-",30,9,0,"N/A"
"https://amazon.com/dp/B0DL8KGFZW","https://m.media-amazon.com/images/I/61h6x9Z604L._SX450_.jpg","B0DL8KGFZW","DPAM GSGM 4 Hole NVG Shroud Adapter Plate Interfaces Versatile Helmet Mount Accessories，Fits Tactical ACH MICH Helmet，for Attachment to L4 3-Hole, 1-Hole Shrouds, Lo-Pro Shroud, Skeleton Shrouds Etc","ORPUNA","FBM","Sports & Outdoors",2379663,"N/A","N/A","N/A","N/A","Night Vision Binoculars & Goggles",1316,25.99,-8,0,0,,"-","-","N/A","N/A","aopn optics","China",1,0,"N/A","N/A","N/A","N/A","N/A","N/A","N/A","N/A","11/30/2024",17,6,0,"N/A"
"https://amazon.com/dp/B0DFYLLM95","https://m.media-amazon.com/images/I/610K+F09rcL._SX450_.jpg","B0DFYLLM95","Miasazyr Head-Mounted Night Vision Monocular, Night Vision Goggles for Adult, Infrared Monocular with 8X Digital Zoom, 4K Video & 36MP Photos, 3000mAh Rechargeable Battery for Camping","Miasazyr","FBM","Sports & Outdoors",2384462,"N/A","N/A",1091985561012,"N/A","Night Vision Monoculars",581,129.99,-18,0,0,,"-","-","N/A","N/A","Samanzyr","China",1,1,"N/A","N/A","N/A","N/A","N/A","N/A","N/A","N/A","11/30/2025",18,7,0,"N/A"
"https://amazon.com/dp/B0BS12YLS2","https://m.media-amazon.com/images/I/51p-3guh5AL._SX450_.jpg","B0BS12YLS2","Monocular Infrared Night Vision Goggles,1.5''TFT Screen 5X Zoom Digital Binoculars,7 Level Adjustable 3 Modes Digital Binoculars for Animal Observation, Outdoor Hunting,Travel","Mochalight","FBM","Sports & Outdoors",2384698,"N/A","N/A","N/A","N/A","Night Vision Binoculars & Goggles",1319,38.99,-45,0,0,,"-","-","N/A","N/A","zhongshanshiwanjin","China",1,1,"N/A","N/A","N/A","N/A","N/A","N/A","N/A","N/A","05/31/2025",38,7,1,"N/A"
"https://amazon.com/dp/B0D8T7TBPT","https://m.media-amazon.com/images/I/71ncZMtqbvL._SX450_.jpg","B0D8T7TBPT","Miasazyr Head-Mounted Night Vision Goggles - Hands Free Night Vision Binoculars for Adults, 1312FT Digital Infrared Goggles with White Light Lamp, 8X Digital Zoom, Include 32GB SD Card","Miasazyr","FBM","Sports & Outdoors",2385042,"N/A","N/A",1091985553635,"N/A","Night Vision Binoculars & Goggles",1320,189.99,-22,1,1,,204.6,204.55,"N/A","N/A","Samanzyr","China",1,1,"N/A","N/A","N/A","N/A","N/A","N/A","N/A","N/A","02/28/2026",20,7,0,"N/A"
"https://amazon.com/dp/B0CF58VMC5","https://m.media-amazon.com/images/I/41-80dDu+iL._SX450_.jpg","B0CF58VMC5","Tenoburian Tactical Night Vision Goggle NVG Helmet Mount Bracket Compatible for PVS-15 PVS-18 GPNVG-18","Tenoburian","FBM","Sports & Outdoors",2387036,759357943637,"N/A",0759357943637,"N/A","Night Vision Binoculars & Goggles",1320,22.99,-42,0,0,,"-","-",1,5,"Tenoburian","China",1,0,"N/A","Large Standard-Size",3,2,3,0.44,"N/A","N/A","10/31/2024",31,5,0,0
"https://amazon.com/dp/B0DB8KBGDS","https://m.media-amazon.com/images/I/71-gcYBy4IL._SX450_.jpg","B0DB8KBGDS","SKIOVEMI Head & Helmet Mounted Night Vision monocular, 4K HD Infrared Digital Night Vision Goggle with Photo and Video Shooting for Camping Travel","SKIOVEMI","FBM","Sports & Outdoors",2387076,"N/A","N/A",1091475293430,"N/A","Night Vision Monoculars",583,136,-16,0,0,,"-","-",1,5,"SKIOVEMI","China",1,0,"N/A","N/A","N/A","N/A","N/A","N/A","N/A","N/A","09/30/2024",20,7,0,0
"https://amazon.com/dp/B0DHLRPMPQ","https://m.media-amazon.com/images/I/71M1oDIbIfL._SX450_.jpg","B0DHLRPMPQ","Predator Thermal Optics Matrix 15-384 LRF Thermal Monocular","Predator Thermal Optics","FBM","Sports & Outdoors",2390006,666945619242,"N/A",0666945619242,"N/A","Night Vision Monoculars",584,1349.99,-12,0,0,,"-","-","N/A","N/A","Predator Hunter Outdoors","USA",2,1,"N/A","Large Standard-Size",15,7,6,4,"N/A","N/A","09/30/2024",17,9,0,"N/A"
"https://amazon.com/dp/B0C77BTMM2","https://m.media-amazon.com/images/I/51hU-QsFWJL._SX450_.jpg","B0C77BTMM2","HSAPAZD NVG Dummy Model, GPNVG18 Night Vision Binoculars, Double-Metal","HSAPAZD","FBM","Sports & Outdoors",2393824,"N/A","N/A",9183616170020,"N/A","Night Vision Binoculars & Goggles",1329,88,237,0,0,,"-","-","N/A","N/A","dianziriyongbaihuo","China",1,0,"N/A","N/A","N/A","N/A","N/A","N/A","N/A","N/A","-",33,7,0,"N/A"
"https://amazon.com/dp/B0CRZ4CPMH","https://m.media-amazon.com/images/I/41aRmiW-kML._SX450_.jpg","B0CRZ4CPMH","Cross Adjustable Infrared Night Vision Scope Metal Body Outdoor Hunting Equipment Visible Distance Within 100 Meters, Suitable for Close-Range Hunting and Observation","CEKOCK","FBM","Sports & Outdoors",2403502,720118390519,"N/A",0720118390519,"N/A","Night Vision Monoculars",586,100,-47,0,0,,"-","-","N/A","N/A","Explorer01","China",1,1,"N/A","Large Standard-Size",13.78,5.91,5.91,1.76,"N/A","N/A","11/30/2025",26,9,0,"N/A"
"https://amazon.com/dp/B0BPGV96WF","https://m.media-amazon.com/images/I/51p74uwz+vL._SX450_.jpg","B0BPGV96WF","2 Pack Night Vision Binoculars, Night Vision Goggles for Hunting, 5X Digital Zoom 1080P Infrarednight Vision Monocular for Viewing 984ft in 100% Darkness for Camping Travel Gifts","TEQIN","FBM","Sports & Outdoors",2404051,"N/A","N/A",6955266823594,"N/A","Night Vision Binoculars & Goggles",1343,90.99,-42,0,0,,"-","-",2,2.4,"ihjg8h","China",1,2,100,"Large Standard-Size",4.72,7.09,3.94,1.85,"N/A","N/A","11/30/2025",39,8,1,0
"https://amazon.com/dp/B0DHP6MYGF","https://m.media-amazon.com/images/I/712-hXDldmL._SX450_.jpg","B0DHP6MYGF","Miasazyr Night Vision Goggles, 4K Full Color Binoculars with 4.5'' Large Screen, 4000 mAh Rechargeable Battery, 8X Digital Zoom, Backlit Buttons, 1312FT Long Rang Night Vision for Camping","Miasazyr","FBM","Sports & Outdoors",2405152,"N/A","N/A",1091985562293,"N/A","Night Vision Binoculars & Goggles",1344,139.99,-32,0,0,,"-","-","N/A","N/A","Samanzyr","China",1,0,"N/A","N/A","N/A","N/A","N/A","N/A","N/A","N/A","09/30/2024",18,7,0,"N/A"
"https://amazon.com/dp/B0CHJWDG9Q","https://m.media-amazon.com/images/I/419m8TwfnlL._SX450_.jpg","B0CHJWDG9Q","GOYOJO NV1182 Digital Night Vision Binoculars - 1080P Video 12 Megapixel Photo 300 Meter IR Illumination 2.4"" LCD 8X Zoom for Surveillance Hunting Camping Wildlife","GOYOJO","FBM","Sports & Outdoors",2412014,658361239869,"N/A",0658361239869,"N/A","Night Vision Binoculars & Goggles",1335,69.9,"N/A",0,0,,"-","-","N/A","N/A","HUITEN","China",4,0,"N/A","N/A","N/A","N/A","N/A","N/A","N/A","N/A","08/31/2024",30,6,0,"N/A"
"https://amazon.com/dp/B0DBVHNZL1","https://m.media-amazon.com/images/I/615J-9Qp9ML._SX450_.jpg","B0DBVHNZL1","SKIOVEMI Night Vision Goggles/4K Night Vision Binoculars/Digital Night Vision with 8X Digital Zoom, 350M-400M Views in Total Darkness, Include 32GB Card","SKIOVEMI","FBM","Sports & Outdoors",2415633,"N/A","N/A",1091475293515,"N/A","Night Vision Binoculars & Goggles",1337,135,-42,0,0,,"-","-",1,4,"SKIOVEMI","China",1,0,"N/A","N/A","N/A","N/A","N/A","N/A","N/A","N/A","08/31/2024",19,7,0,0
"https://amazon.com/dp/B08SBRVKBC","https://m.media-amazon.com/images/I/41PPv2NA32L._SX450_.jpg","B08SBRVKBC","FMA TB1250 Tactical AN/PVS-15 Helmet Night Vision Goggle NVG No Function Dummy Model","FMA","FBM","Sports & Outdoors",2425304,714054352823,"N/A",0714054352823,"N/A","Night Vision Binoculars & Goggles",1351,72.98,-49,0,0,,"-","-",2,4.3,"Emperion SRL","Italy",2,1,"N/A","N/A","N/A","N/A","N/A","N/A","N/A","N/A","07/31/2025",60,7,0,0
"https://amazon.com/dp/B0B8M93WR8","https://m.media-amazon.com/images/I/51u8kkbcvcL._SX450_.jpg","B0B8M93WR8","AGM Global Vision 11P14123483121 Model PVS-14 3AL2 Night Vision Monocular, Black, Gen 3 Auto-Gated Level 2"", 64-72 lp/mm Resolution, 1x Magnification, Built-in Infrared Illuminator and Flood Lens","AGM Global Vision","FBM","Sports & Outdoors",2426854,785249840326,"N/A",0785249840326,"N/A","Night Vision Monoculars",591,4837.75,-4,0,0,-150,"-","-","N/A","N/A","Sale Stores ✅","USA",1,2,"N/A","N/A","N/A","N/A","N/A","N/A","N/A","N/A","08/31/2024",43,7,0,"N/A"
"https://amazon.com/dp/B0D731HGM8","https://m.media-amazon.com/images/I/51k55pspymL._SX450_.jpg","B0D731HGM8","Goekhyrani Tactical Helmet Mount, Tactical Helmet Night Vision Goggles Mount L4G24 NVG Mount for PVS 15/PVS18/18 GPNVG18 (Tan)","Goekhyrani","FBM","Sports & Outdoors",2426901,"N/A","N/A",6213960359901,"N/A","Night Vision",1989,19.98,-6,0,0,,"-","-","N/A","N/A","Goekhyrani--us","China",1,3,"N/A","Large Standard-Size",4.72,3.15,4.33,0.33,"N/A","N/A","11/30/2025",21,8,2,"N/A"
"https://amazon.com/dp/B0D72TR3D1","https://m.media-amazon.com/images/I/41CLqa7x7uL._SX450_.jpg","B0D72TR3D1","Goekhyrani Tactical Helmet Mount, Tactical Helmet Night Vision Goggles Mount L4G24 NVG Mount for PVS 15/PVS18/18 GPNVG18 (Black)","Goekhyrani","FBM","Sports & Outdoors",2427446,"N/A","N/A",6213960359918,"N/A","Night Vision",1977,19.98,-16,0,0,,"-","-","N/A","N/A","Goekhyrani--us","China",1,3,"N/A","Large Standard-Size",4.72,3.15,4.33,0.33,"N/A","N/A","11/30/2025",21,8,2,"N/A"
"https://amazon.com/dp/B0BX8VXJT4","https://m.media-amazon.com/images/I/51spMWYMYcL._SX450_.jpg","B0BX8VXJT4","NV1182 Digital Night Vision Binoculars with Recording Mini HD 1080P View Goggles (NV1182-15)","GOYOJO","FBM","Sports & Outdoors",2433705,614166912772,"N/A",0614166912772,"N/A","Night Vision Binoculars & Goggles",1342,150.9,-31,0,0,,"-","-","N/A","N/A","HUITEN","China",2,0,"N/A","N/A","N/A","N/A","N/A","N/A","N/A","N/A","-",13,3,0,"N/A"
"https://amazon.com/dp/B00CEH17TK","https://m.media-amazon.com/images/I/61ZOOySZhYL._SX450_.jpg","B00CEH17TK","ATN PVS7-WPT Night Vision Goggle, Black/White","ATN","FBM","Sports & Outdoors",2443610,658175471523,00658175471523,0658175471523,"N/A","Night Vision Binoculars & Goggles",1356,3499,-32,0,0,,"-","-","N/A","N/A","EuroOptic (✅ Authorized Dealer ✅ Fastest Shipping)","USA",1,0,"N/A","Large Standard-Size",14,8,10,2.3,"N/A","N/A","-",155,1,0,"N/A"
"https://amazon.com/dp/B0CZ9FT6SH","https://m.media-amazon.com/images/I/719LfKwvQKL._SX450_.jpg","B0CZ9FT6SH","SUZLAZYR NV8260 Head Mounted Night Vision Goggles - 4K Infrared Helmet Night Vision Monocular, 8X Digital Zoom, 3000mAh Rechargeable Battery, 32 GB SD Card for HD Recording","SUZLAZYR","FBM","Sports & Outdoors",2450703,"N/A","N/A",1091985545272,"N/A","Night Vision Monoculars",596,159.88,-11,0,0,,"-","-","N/A","N/A","MaoTeng","China",1,0,"N/A","N/A","N/A","N/A","N/A","N/A","N/A","N/A","-",24,7,0,"N/A"
"https://amazon.com/dp/B08XX24DSB","https://m.media-amazon.com/images/I/51hggTnStfL._SX450_.jpg","B08XX24DSB","Tactical Hunting Non Functional Night Vision Goggle GPNVG 18 & Plastic L4G24 NVG Mount for Helmet Airsoft (Black)","FMA","FBM","Sports & Outdoors",2461462,727597946381,"N/A",0727597946381,"N/A","Night Vision Binoculars & Goggles",1362,59.98,6,0,0,,"-","-",10,3.4,"zhao66277","China",1,0,"N/A","N/A","N/A","N/A","N/A","N/A","N/A","N/A","-",53,7,0,0
"https://amazon.com/dp/B0D9BKGZJ8","https://m.media-amazon.com/images/I/71455H6AGAL._SX450_.jpg","B0D9BKGZJ8","Miasazyr Night Vision Goggles Head Mounted, Rechargeable Hands Free Night Vision Binoculars,1312FT Digital Infrared Night Vision Scopes, Compatible with Military Tactical Helmet, 8X Digital Zoom","Miasazyr","FBM","Sports & Outdoors",2463111,"N/A","N/A",1091985554410,"N/A","Night Vision Binoculars & Goggles",1350,179.99,-35,0,0,,"-","-","N/A","N/A","Samanzyr","China",1,0,"N/A","N/A","N/A","N/A","N/A","N/A","N/A","N/A","06/30/2024",20,7,0,"N/A"
"https://amazon.com/dp/B08XVT3FVC","https://m.media-amazon.com/images/I/41d-Iw085fS._SX450_.jpg","B08XVT3FVC","FMA Airsoft Paintball L4G24 Plastic Helmet NVG Mount for PVS15 PVS18 GPNVG18 Night Vision Goggles TB1012 (BK)","FMA","FBM","Sports & Outdoors",2466309,727597946367,"N/A",0727597946367,"N/A","Night Vision Binoculars & Goggles",1354,24.99,-6,0,0,,"-","-",5,4.4,"zhao66277","China",1,0,"N/A","N/A","N/A","N/A","N/A","N/A","N/A","N/A","10/31/2025",47,9,0,0
"https://amazon.com/dp/B0CRQJRKZD","https://m.media-amazon.com/images/I/71zMvLLGESL._SX450_.jpg","B0CRQJRKZD","LEESEN 3.2'' HD Night Vision Goggles, 8X Zoom Digital Night Binoculars, Built-in 2600mah Battery, 4k Night Vision Binoculars, with 32GB Memory Card, Adults, Hunting, Camping","LEESEN","FBM","Sports & Outdoors",2475126,"N/A","N/A",9496269006807,"N/A","Night Vision Binoculars & Goggles",1371,89,-24,0,0,,"-","-","N/A","N/A","Cloud Pigeon","China",1,1,"N/A","Large Standard-Size",1.18,0.79,0.39,1.1,"N/A","N/A","06/30/2024",26,7,1,"N/A"
"https://amazon.com/dp/B09LX1VK83","https://m.media-amazon.com/images/I/61Yb5LKzUdL._SX450_.jpg","B09LX1VK83","AGM Global Vision NVG-50 3AL1 Dual Tube Night Vision Goggle/Binocular 51 Degree FOV Gen 3+ Auto-Gated Level 1"". Made in USA., Black","AGM Global Vision","FBM","Sports & Outdoors",2478242,810027774019,00810027774019,0810027774019,"N/A","Night Vision Binoculars & Goggles",1373,8395,-42,0,0,,"-","-","N/A","N/A","Kenzie's Optics","USA",4,1,"N/A","Large Standard-Size",6,6,4,3,"N/A","N/A","08/31/2024",52,11,0,"N/A"
"https://amazon.com/dp/B0CGX83XMR","https://m.media-amazon.com/images/I/51-3IrrPJJL._SX450_.jpg","B0CGX83XMR","NV8000 3D Digital Night Vision Binoculars - 300m Range, 1080P Video, Helmet Mount, Rechargeable IR - for Hunting, Wildlife, Surveillance","GOYOJO","FBM","Sports & Outdoors",2489076,614166964108,"N/A",0614166964108,"N/A","Night Vision Binoculars & Goggles",1380,230,"N/A",0,0,,"-","-","N/A","N/A","HUITEN","China",3,0,"N/A","N/A","N/A","N/A","N/A","N/A","N/A","N/A","-",30,6,0,"N/A"
"https://amazon.com/dp/B0CY4LV2CH","https://m.media-amazon.com/images/I/51oYXpzQGKL._SX450_.jpg","B0CY4LV2CH","GPNVG18 Four-Tube Binocular Night Vision Scopes + L4G24 Flip-up Mount for Night Vision Device (Black)","XURUYI","FBM","Sports & Outdoors",2495226,"N/A","N/A","N/A","N/A","Night Vision Binoculars & Goggles",1378,51.88,-23,0,0,,"-","-",1,1,"XURUYI Toy Store","China",1,1,"N/A","N/A","N/A","N/A","N/A","N/A","N/A","N/A","05/31/2024",24,9,1,0
"https://amazon.com/dp/B0CN44LX9Q","https://m.media-amazon.com/images/I/61YlvVwPduL._SX450_.jpg","B0CN44LX9Q","Vortix GPNVG18 Night Vision Goggles Mount Cosplay Prop, Tactical Dummy Model Night Vision Goggles with Four-Tube Binocular (Tan)","Vortix","FBM","Sports & Outdoors",2501412,"N/A","N/A",7301312529160,"N/A","Night Vision Binoculars & Goggles",1372,49.99,11,0,0,,"-","-","N/A","N/A","WOWOBONTOY","China",1,0,"N/A","N/A","N/A","N/A","N/A","N/A","N/A","N/A","05/31/2024",28,2,0,"N/A"
"https://amazon.com/dp/B0D4F9HMRP","https://m.media-amazon.com/images/I/41Vrh9s7iLL._SX450_.jpg","B0D4F9HMRP","BUPEI 8-24X40 Monocular Telescope Zoom Powerful Monocular Camping Military Binocular Telescope Astronomy","BUPEI","FBM","Sports & Outdoors",2503634,"N/A","N/A",3169348184982,"N/A","Night Vision Monoculars",606,152,-46,0,0,,"-","-","N/A","N/A","chengdujiangyifang","China",1,0,"N/A","Small Standard-Size",1.18,0.79,0.39,0.11,"N/A","N/A","11/30/2025",22,5,1,"N/A"
"https://amazon.com/dp/B0BFHLQZL8","https://m.media-amazon.com/images/I/41EIjjPEQjL._SX450_.jpg","B0BFHLQZL8","Sports Driving Night Vision Bifocal Reading Sunglasses Men Fishing Reading Anti Glare Yellow Lens Goggles Reader Sunglasses (white yellow, 1.5, multiplier_x)","willochra","FBM","Sports & Outdoors",2505840,"N/A","N/A","N/A","N/A","Night Vision Binoculars & Goggles",1384,25.29,-43,0,0,-50,"-","-","N/A","N/A","taoshangjing","China",1,5,"N/A","N/A","N/A","N/A","N/A","N/A","N/A","N/A","11/30/2025",42,7,42,"N/A"
"https://amazon.com/dp/B0BFHK9MZD","https://m.media-amazon.com/images/I/61xbAuIUcdL._SX450_.jpg","B0BFHK9MZD","Sports Driving Night Vision Bifocal Reading Sunglasses Men Fishing Reading Anti Glare Yellow Lens Goggles Reader Sunglasses (red yellow, 1.25, multiplier_x)","willochra","FBM","Sports & Outdoors",2505849,"N/A","N/A","N/A","N/A","Night Vision Binoculars & Goggles",1374,25.29,-44,0,0,-50,"-","-","N/A","N/A","taoshangjing","China",1,5,"N/A","N/A","N/A","N/A","N/A","N/A","N/A","N/A","11/30/2025",42,7,42,"N/A"
"https://amazon.com/dp/B0BFJ87M96","https://m.media-amazon.com/images/I/61x-ckpfr8L._SX450_.jpg","B0BFJ87M96","Sports Driving Night Vision Bifocal Reading Sunglasses Men Fishing Reading Anti Glare Yellow Lens Goggles Reader Sunglasses (blue yellow, 0, multiplier_x)","willochra","FBM","Sports & Outdoors",2505930,"N/A","N/A","N/A","N/A","Night Vision Binoculars & Goggles",1374,13.68,-44,0,0,-50,"-","-","N/A","N/A","taoshangjing","China",1,5,"N/A","N/A","N/A","N/A","N/A","N/A","N/A","N/A","11/30/2025",42,7,42,"N/A"
"https://amazon.com/dp/B0BH1J3NBV","https://m.media-amazon.com/images/I/61jw6aFdstL._SX450_.jpg","B0BH1J3NBV","Armasight MNVD-51 Pinnacle Gen 3 IIT, Night Vision Monocular","Armasight","Amazon","Sports & Outdoors",2509209,810081911009,"N/A",0810081911009,"N/A","Night Vision Monoculars",607,4509.73,-36,0,0,-113,"-","-",1,3,"Amazon","N/A",2,6,500,"Large Standard-Size",4.33,5.67,10.08,1.62,"N/A","N/A","12/31/2025",41,6,0,0.09
"https://amazon.com/dp/B0CZ9D7QJ5","https://m.media-amazon.com/images/I/71uWKErYt7L._SX450_.jpg","B0CZ9D7QJ5","SUZLAZYR NV8260 Head Mounted Night Vision, Night Vision Goggles & Monocular for Adults, 8X Digital Zoom, 850nm Infrared, Rechargeable Battery, HD Recording, 32GB","SUZLAZYR","FBM","Sports & Outdoors",2517656,"N/A","N/A",1091985545265,"N/A","Night Vision Monoculars",608,129.97,-45,0,0,,"-","-","N/A","N/A","MaoTeng","China",1,0,"N/A","N/A","N/A","N/A","N/A","N/A","N/A","N/A","04/30/2024",24,7,0,"N/A"
"https://amazon.com/dp/B0CS6CRK2Q","https://m.media-amazon.com/images/I/61DZxZ95EPL._SX450_.jpg","B0CS6CRK2Q","CEKOCK Digital Night Vision Monocular, Infrared, 4K, 4-15X, 30mm, 367g, Black, Adults, Unisex, Beginner, Outdoor Enthusiasts, Hunters, Wildlife Observers, Tactical Users","CEKOCK","FBM","Sports & Outdoors",2522509,705735945618,"N/A",0705735945618,"N/A","Night Vision Monoculars",609,108,-23,0,0,,"-","-","N/A","N/A","Explorer01","China",1,0,"N/A","Large Standard-Size",11.81,7.87,3.94,1.23,"N/A","N/A","04/30/2024",26,9,0,"N/A"
"https://amazon.com/dp/B0CBR4M1ZK","https://m.media-amazon.com/images/I/51NaEOYpB0L._SX450_.jpg","B0CBR4M1ZK","New Infrared 1X32mm Digital Scope Monocular - High-Functioning Night Vision PVS18 - Wide 7.95°X 6° Field of View for Hunting/Hiking","YSS","FBM","Sports & Outdoors",2528656,766157451446,"N/A",0766157451446,"N/A","Night Vision Monoculars",611,450,-24,0,0,,"-","-",1,4,"YSSCORP","China",1,0,"N/A","Large Standard-Size",5,3.3,7,0.64,"N/A","N/A","07/31/2024",32,7,0,0
"https://amazon.com/dp/B0BC9SN28F","https://m.media-amazon.com/images/I/51ywdVTzeNS._SX450_.jpg","B0BC9SN28F","WIRUN Night Vision Glasses for Men Women Polarized UV400 Aviator Anti Glare Yellow Safety Night View Driving Eyewear (Golden)","WIRUN","FBM","Sports & Outdoors",2532096,743785941648,"N/A",0743785941648,"N/A","Night Vision Binoculars & Goggles",1385,19.57,-6,0,0,,"-","-",2,5,"RRDLAY","China",1,0,"N/A","Large Standard-Size",6,2.5,1.2,0.22,"N/A","N/A","-",43,7,0,0
"https://amazon.com/dp/B09Y3X3687","https://m.media-amazon.com/images/I/61rJDRzwQUL._SX450_.jpg","B09Y3X3687","Night Vision Dual Helmet Mount Assembly","USGI","FBM","Sports & Outdoors",2537178,"N/A","N/A","N/A","N/A","Night Vision Monoculars",615,49.95,-22,0,0,,"-","-","N/A","N/A","Bryburn Trading","Australia",1,2,"N/A","Large Standard-Size",3.19,6.34,8.7,0.95,"N/A","N/A","04/30/2024",47,4,0,"N/A"
"https://amazon.com/dp/B0BTH2T4ZF","https://m.media-amazon.com/images/I/71hUh0sLjwL._SX450_.jpg","B0BTH2T4ZF","Ruaiok Night Vision Goggles 4K Binoculars, Infrared with 3'' Large Screen View Up to 984ft 32GB Memory Card Save Photos and Videos, Suitable for Camping Hunting, BlackDark, (R9)","Ruaiok","FBM","Sports & Outdoors",2545042,765147780702,"N/A",0765147780702,"N/A","Night Vision Binoculars & Goggles",1396,182.98,-38,0,0,,"-","-",18,3.6,"ArtemSshop","USA",1,0,"N/A","Large Standard-Size",7.09,3.54,6.3,1.08,"N/A","N/A","-",37,8,0,0
"https://amazon.com/dp/B0CFVKXSS9","https://m.media-amazon.com/images/I/51IQiyX92RL._SX450_.jpg","B0CFVKXSS9","Goyojo Night Vision Monocular Thermal Imager Scope Sight for Hunting","GOYOJO","FBM","Sports & Outdoors",2553415,614166946623,"N/A",0614166946623,"N/A","Night Vision Monoculars",620,928,"N/A",0,0,,"-","-","N/A","N/A","Elite Meter","China",1,1,"N/A","N/A","N/A","N/A","N/A","N/A","N/A","N/A","03/31/2025",13,7,0,"N/A"
"https://amazon.com/dp/B0CN44YJBR","https://m.media-amazon.com/images/I/41CLqa7x7uL._SX450_.jpg","B0CN44YJBR","Vortix L4G24 Night Vision Mount for PVS15/PVS18/GPNVG18, Night Vision Goggles Holder and Fast Helmets Supportor Acessories (Black)","Vortix","FBM","Sports & Outdoors",2554475,"N/A","N/A",7301312529177,"N/A","Night Vision Binoculars & Goggles",1400,19.99,-34,0,0,,"-","-","N/A","N/A","JRKJFU","China",1,0,"N/A","N/A","N/A","N/A","N/A","N/A","N/A","N/A","03/31/2024",28,8,0,"N/A"
"https://amazon.com/dp/B0CMDF7M5C","https://m.media-amazon.com/images/I/51xc9o4bJwL._SX450_.jpg","B0CMDF7M5C","AGM Global Vision 12PV7123283111 Model PVS-7 3AL1 Night Vision Goggles; Waterproof; Built-in IR Illuminator and Flood Lens; 64-72 lp/mm Resolution; 1x Magnification; Automatic Brightness Control","Generic","FBM","Sports & Outdoors",2557684,761373847677,"N/A",0761373847677,"N/A","Night Vision Binoculars & Goggles",1400,5579.3,-44,0,0,,"-","-","N/A","N/A","Sale Stores ✅","USA",1,0,"N/A","N/A","N/A","N/A","N/A","N/A","N/A","N/A","03/31/2024",28,1,0,"N/A"
"https://amazon.com/dp/B0CN92KWPZ","https://m.media-amazon.com/images/I/61YlvVwPduL._SX450_.jpg","B0CN92KWPZ","LOCHE Night Vision Goggles, GPNVG18 Four-Tube Binocular Night Vision Goggles Mount Cosplay Prop for Camping & Hunting","LOCHE","FBM","Sports & Outdoors",2565468,"N/A","N/A",7326828759863,"N/A","Night Vision Binoculars & Goggles",1403,49.99,-12,0,0,,"-","-",1,1,"HSDFJK","China",1,0,"N/A","Large Standard-Size",4.72,3.94,12.6,0.99,"N/A","N/A","-",28,2,0,0
"https://amazon.com/dp/B08XWZYZW2","https://m.media-amazon.com/images/I/61W0PrXoZbL._SX450_.jpg","B08XWZYZW2","Tactical Hunting Non Functional Night Vision Goggle GPNVG 18 & Plastic L4G24 NVG Mount for Helmet Airsoft (Sand)","FMA","FBM","Sports & Outdoors",2567420,727597946374,"N/A",0727597946374,"N/A","Night Vision Binoculars & Goggles",1416,59.98,-17,0,0,,"-","-",9,4,"zhao66277","China",1,0,"N/A","N/A","N/A","N/A","N/A","N/A","N/A","N/A","-",53,7,0,0
"https://amazon.com/dp/B00006I5IS","https://m.media-amazon.com/images/I/51aQzZ0rHdL._SX450_.jpg","B00006I5IS","NEWCON OPTIK SGT-150P StarGate Night Vision Scope","Newcon Optik","FBM","Sports & Outdoors",2575980,627973200055,00627973200055,0627973200055,"N/A","Night Vision Monoculars",623,217.59,"N/A",0,0,,"-","-",36,4.1,"Casa Mila Inc","USA",2,0,"N/A","Large Standard-Size",6.1,9.2,4.3,1.7,"N/A","N/A","-",230,1,0,0
"https://amazon.com/dp/B0CRHHHN7M","https://m.media-amazon.com/images/I/51QUpywjyxL._SX450_.jpg","B0CRHHHN7M","SINAIRSOFT Tactical Helmet Mount Night Vision Goggle Mounting L4G24 NVG Adapter for PVS15 PVS18 GPNVG18 Airsoft Helmet Accessories","SINAIRSOFT","FBM","Sports & Outdoors",2576020,768655887093,"N/A",0768655887093,"N/A","Night Vision Binoculars & Goggles",1410,27.99,-37,0,0,,"-","-","N/A","N/A","FARMSOLDIER","China",1,0,"N/A","N/A","N/A","N/A","N/A","N/A","N/A","N/A","-",26,7,2,"N/A"
"https://amazon.com/dp/B0CX8D6BQB","https://m.media-amazon.com/images/I/51ca8tSA6ZL._SX450_.jpg","B0CX8D6BQB","Aetheria Night Vision Goggles Helmet-Mounted, 4K Night Vision Binoculars with Sensor, Infrared Night Vision Telescope with 32GB Memory Card, Support Save Photo and Video-NV8260","Aetheria","FBM","Sports & Outdoors",2578519,"N/A","N/A",6163374722795,"N/A","Night Vision Binoculars & Goggles",1422,129.99,-12,0,0,,"-","-","N/A","N/A","ZhangLindezuimeixiaodian","China",1,0,"N/A","Large Standard-Size",7.87,3.94,3.94,1.54,"N/A","N/A","03/31/2024",24,7,1,"N/A"
"https://amazon.com/dp/B0BX71BFJQ","https://m.media-amazon.com/images/I/51NQqTm64ZL._SX450_.jpg","B0BX71BFJQ","WIRUN Night Vision Glasses for Men Women Driving, Anti Glare Polarized UV400 Nighttime Yellow Safety Fishing Golf Eyewear (Black)","WIRUN","FBM","Sports & Outdoors",2578824,735157446615,"N/A",0735157446615,"N/A","Night Vision Binoculars & Goggles",1413,17.98,"N/A",0,0,-60,"-","-","N/A","N/A","RRDLAY","China",1,4,"N/A","Large Standard-Size",7,3,2,0.25,"N/A","N/A","03/31/2024",36,7,3,"N/A"
"https://amazon.com/dp/B0BX6YT2XZ","https://m.media-amazon.com/images/I/41cj9nZkubL._SX450_.jpg","B0BX6YT2XZ","WIRUN Night Vision Glasses for Men Women Driving, Anti Glare Polarized UV400 Nighttime Yellow Safety Fishing Golf Eyewear (White)","WIRUN","FBM","Sports & Outdoors",2578981,735157446639,"N/A",0735157446639,"N/A","Night Vision Binoculars & Goggles",1413,17.98,"N/A",0,0,-60,"-","-","N/A","N/A","RRDLAY","China",1,4,"N/A","Large Standard-Size",7,3,2,0.25,"N/A","N/A","03/31/2024",36,7,3,"N/A"