month,asin,title,old_brand,new_brand,matched_text,monthly_units,monthly_revenue,action
202609,B0C2DBJYCD,"FOXWELL NT530 for Honda Acura - All Systems, All Maintenance Service - Bidirectional Diagnostic Scan Tool OBD2 Scanner Automotive Code Reader ABS Bleed SRS Airbag SAS TPMS TPS EPB Oil Reset CKP",generic,foxwell,foxwell,24.0,4032.97,reassigned
202609,B0C2D7X37X,"FOXWELL NT530 for Volkswagen and Audi - All Systems, All Maintenance Service - Bidirectional Diagnostic Scan Tool OBD2 Scanner Automotive Code Reader ABS Bleed SRS Airbag SAS TPMS TPS EPB Oil Reset",generic,foxwell,foxwell,15.0,2559.8,reassigned
202609,B0CRVWCFFD,NEXIQ J1962 Adapter - 16-Pin OBD 2-1 Meter,generic,nexiq,nexiq,10.0,1704.55,reassigned
202609,B0C2D7J4KX,"FOXWELL NT530 for Ford - All Systems, All Maintenance Service - Bidirectional Diagnostic Scan Tool OBD2 Scanner Automotive Code Reader ABS Bleed SRS Airbag SAS TPMS TPS EPB Oil Reset CKP",generic,foxwell,foxwell,19.0,3155.57,reassigned
202609,B08Y5YWRKH,"eMoto Solution OBD2 6-Pin to 16-Pin Diagnostic Adapter Cable for Honda Motorbikes, 6 Pin OBDII Motorcycle Engine Fault Detection Scanner Connector Cable Parts",generic,emoto solution,emoto solution,1.0,9.22,reassigned
202609,B09CH6H9XX,eMoto 6Pin to 16Pin OBD Adapter for Harley Davidson Motorbikes - Diagnostics via Scanner or Cellphone,generic,emoto,emoto,2.0,17.08,reassigned
202609,B0C3HXTNLL,"FOXWELL NT530 for Mercedes Benz 38 Pin - All Systems, All Maintenance Service - Bidirectional Diagnostic Scan Tool OBD2 Scanner Automotive Code Reader ABS Bleed SRS Airbag SAS TPMS TPS EPB Oil Reset",generic,foxwell,foxwell,5.0,1058.0,reassigned
202609,B0CRVW3MQT,NEXIQ J1962 Adapter (16-Pin OBD II) - 1 Meter,generic,nexiq,nexiq,2.0,296.01,reassigned
202609,B0C46Z3Q91,"FOXWELL NT680 Pro OBD2 Scanner - Diagnostic Scan Tool, Full System Car Scanner - 19 Reset Service Code Reader - Automotive Professional Scanner with Oil Light, EPB/TPS Reset",generic,foxwell,foxwell,2.0,542.54,reassigned
202609,B0C2DC88QC,"FOXWELL NT530 for Land Rover, Range Rover, Jaguar - All Maintenance Service - Bidirectional Diagnostic Scan Tool OBD2 Scanner Automotive Code Reader ABS Bleed SRS Airbag SAS TPMS TPS EPB Oil Reset CKP",generic,foxwell,foxwell,8.0,1378.92,reassigned
202609,B0C2D7WYG9,"FOXWELL NT530 for Volvo - All Systems, All Maintenance Service - Bidirectional Diagnostic Scan Tool OBD2 Scanner Automotive Code Reader ABS Bleed SRS Airbag SAS TPMS TPS EPB Oil Reset CKP",generic,foxwell,foxwell,8.0,1278.47,reassigned
202609,B0C46TNYVM,"FOXWELL NT680 OBD2 Scanner - All Systems Car Diagnostic Tool for All Makes All Models - Oil Reset, Electronic Parking Brake Reset OBD Scanner Diagnostic Tool",generic,foxwell,foxwell,2.0,351.15,reassigned
202609,B07F9XPZ6W,"NEXIQ Universal J560 PLC Adapter – Enhanced ABS Diagnostic Tool for Heavy-Duty Vehicles, Vehicle Powered, Grey, Compatible with Windows 10, Windows 11",generic,nexiq,nexiq,124.0,43356.15,reassigned
202609,B0CVR2LWNX,TEMEDA- PT 30 ELD - Electronic Logging Device + Cable - HOS & FMCSA Compliant - Easy to Install - New (PT30+Green 9 Pin Round Cable),generic,temeda,temeda,150.0,28581.83,reassigned
202609,B0BZDWC5J5,"FOXWELL NT530 Plus for BMW - All Systems, All Maintenance Service - Bidirectional Diagnostic Tool OBD2 Scanner Automotive Code Reader ABS Bleed SRS Airbag SAS TPMS TPS EPB Oil Reset CKP",generic,foxwell,foxwell,152.0,25867.7,reassigned
202609,B0BPYVCL6T,NEXIQ USB-Link 3 Wireless Vehicle Interface – Advanced Diagnostic Tool for Heavy-Duty and Light-Duty Vehicles,generic,nexiq,nexiq,29.0,23441.35,reassigned
202609,B0C2DBCPQ5,"FOXWELL NT530 for Dodge - All Systems, All Maintenance Service - Bidirectional Diagnostic Scan Tool OBD2 Scanner Automotive Code Reader ABS Bleed SRS Airbag SAS TPMS TPS EPB Oil Reset CKP",generic,foxwell,foxwell,4.0,693.93,reassigned
202609,B0BYT6PBLB,"FOXWELL NT530 for Honda - All Systems, All Maintenance Service - Bidirectional Diagnostic Scan Tool OBD2 Scanner Automotive Code Reader ABS Bleed SRS Airbag SAS TPMS TPS EPB Oil Reset CKP",generic,foxwell,foxwell,0.0,0.0,reassigned
202609,B0C46S21YS,"FOXWELL i70 OE-Level All System Diagnostic Scanner - 24+ Service Reset and Clear - ABS Bleeding, EPB, SAS Calibration, Battery Replacement, TPMS, Oil Reset, Engine, Transmission, EPS and More",generic,foxwell,foxwell,0.0,0.0,reassigned
202609,B0CRVX1JLN,NEXIQ 9-Pin Deutsch Adapter (1-Meter) for USB-Link 2 & 3,generic,nexiq,nexiq,48.0,8423.59,reassigned
202609,B0BPYTTTMQ,"NEXIQ Tech 121054 USB-Link 3 - Wired Vehicle Diagnostic Scanner, Vehicle Powered, Blue, Compatible with Windows 10, Windows 11, iOS, Android",generic,nexiq,nexiq,64.0,47535.04,reassigned
202609,B0C3J1QFX4,"FOXWELL NT530 for BMW - All Systems, All Maintenance Service - Bidirectional Diagnostic Scan Tool OBD2 Scanner Automotive Code Reader ABS Bleed SRS Airbag SAS TPMS TPS EPB Oil Reset CKP",generic,foxwell,foxwell,65.0,11101.24,reassigned
202609,B0C46TXHWG,"FOXWELL NT530 for GM Chevrolet - All Systems, All Maintenance Service - Bidirectional Diagnostic Tool - OBD2 Scanner - Code Reader ABS Bleed SRS Airbag SAS TPMS TPS EPB Oil",generic,foxwell,foxwell,66.0,11176.04,reassigned
202609,B0CZ7DVCN7,"FOXWELL NT530 for Toyota, Lexus, Scion - All Systems, All Maintenance Service - Bidirectional Diagnostic Scan Tool OBD2 Scanner Automotive Code Reader ABS Bleed SRS Airbag SAS TPMS TPS EPB Oil Reset",generic,foxwell,foxwell,27.0,4591.92,reassigned
202609,B0C3J1V5N8,"FOXWELL NT530 for Porsche - All Systems, All Maintenance Service - Bidirectional Diagnostic Scan Tool OBD2 Scanner Automotive Code Reader ABS Bleed SRS Airbag SAS TPMS TPS EPB Oil Reset CKP",generic,foxwell,foxwell,70.0,11915.58,reassigned
202609,B0C2DCY5PR,"FOXWELL NT530 for Mercedes Benz (16 Pin) - All Systems, All Maintenance Service - Bidirectional Diagnostic Scan Tool OBD2 Scanner Automotive Code Reader ABS Bleed SRS Airbag SAS TPMS TPS EPB Oil Reset",generic,foxwell,foxwell,22.0,3703.66,reassigned
202609,B0C2DDGKYK,"FOXWELL NT530 for Kia and Hyundai - All Systems, All Maintenance Service - Bidirectional Diagnostic Scan Tool OBD2 Scanner Automotive Code Reader ABS Bleed SRS Airbag SAS TPMS TPS EPB Oil Reset CKP",generic,foxwell,foxwell,29.0,4874.98,reassigned
202609,B0C2D87BM8,"FOXWELL NT530 for Dodge Jeep Chrysler All Systems, All Maintenance Service - Bidirectional Diagnostic Scan Tool OBD2 Scanner Automotive Code Reader ABS Bleed SRS Airbag SAS TPMS TPS EPB Oil Reset CKP",generic,foxwell,foxwell,17.0,2926.44,reassigned
202609,B0CRVTG64N,Nexiq 12-Pin Adapter for USB-Link 2 & USB-Link 3,generic,nexiq,nexiq,2.0,170.49,reassigned
