market,source_set,asin,n_rows,chosen_file,chosen_row,dropped,values_identical,revenue_chosen,revenue_dropped_max,units_diff,price_diff,title_diff,winning_rule,discrepancy_flag
US,gauge,B01MZ3ZURG,2,US_AMAZON_blackBoxProducts_1_2026-10-02 (1).csv,0,US_AMAZON_blackBoxProducts_1_2026-10-02 (2).csv:7,Y,308.05,308.05,0.0,0.0,N,identical,
US,gauge,B08GYLXJ1V,2,US_AMAZON_blackBoxProducts_1_2026-10-02 (2).csv,0,US_AMAZON_blackBoxProducts_1_2026-10-02.csv:3,Y,7827.45,7827.45,0.0,0.0,N,identical,
US,gauge,B08NG6NGBM,3,US_AMAZON_blackBoxProducts_1_2026-10-02 (1).csv,2,US_AMAZON_blackBoxProducts_1_2026-10-02 (2).csv:13;US_AMAZON_blackBoxProducts_1_2026-10-02.csv:70,Y,0.0,0.0,0.0,0.0,N,identical,
US,gauge,B099N4WV2Z,2,US_AMAZON_blackBoxProducts_1_2026-10-02 (2).csv,18,US_AMAZON_blackBoxProducts_1_2026-10-02.csv:80,Y,0.0,0.0,0.0,0.0,N,identical,
US,gauge,B0CGM9P9LW,2,US_AMAZON_blackBoxProducts_1_2026-10-02 (2).csv,15,US_AMAZON_blackBoxProducts_1_2026-10-02.csv:75,Y,0.0,0.0,0.0,0.0,N,identical,
US,gauge,B0CJ6D18H7,2,US_AMAZON_blackBoxProducts_1_2026-10-02 (2).csv,1,US_AMAZON_blackBoxProducts_1_2026-10-02.csv:5,Y,2550.44,2550.44,0.0,0.0,N,identical,
US,gauge,B0CMD6NH6K,2,US_AMAZON_blackBoxProducts_1_2026-10-02 (2).csv,9,US_AMAZON_blackBoxProducts_1_2026-10-02.csv:56,Y,132.5,132.5,0.0,0.0,N,identical,
US,gauge,B0D97MF6RL,3,US_AMAZON_blackBoxProducts_1_2026-10-02 (1).csv,3,US_AMAZON_blackBoxProducts_1_2026-10-02 (2).csv:19;US_AMAZON_blackBoxProducts_1_2026-10-02.csv:82,Y,0.0,0.0,0.0,0.0,N,identical,
US,gauge,B0FGD9SLM6,2,US_AMAZON_blackBoxProducts_1_2026-10-02 (2).csv,3,US_AMAZON_blackBoxProducts_1_2026-10-02.csv:28,Y,1091.04,1091.04,0.0,0.0,N,identical,
US,gauge,B0G6YHG8Y2,2,US_AMAZON_blackBoxProducts_1_2026-10-02 (2).csv,2,US_AMAZON_blackBoxProducts_1_2026-10-02.csv:10,Y,752.44,752.44,0.0,0.0,N,identical,
US,gauge,B0GHXZ9ZN3,2,US_AMAZON_blackBoxProducts_1_2026-10-02 (2).csv,5,US_AMAZON_blackBoxProducts_1_2026-10-02.csv:41,Y,1802.9,1802.9,0.0,0.0,N,identical,
US,gauge,B0GSSJ2MJ9,2,US_AMAZON_blackBoxProducts_1_2026-10-02 (1).csv,1,US_AMAZON_blackBoxProducts_1_2026-10-02 (2).csv:10,Y,543.36,543.36,0.0,0.0,N,identical,
US,gauge,B0H2V8HQYP,2,US_AMAZON_blackBoxProducts_1_2026-10-02 (2).csv,12,US_AMAZON_blackBoxProducts_1_2026-10-02.csv:64,Y,0.0,0.0,0.0,0.0,N,identical,
