month,market,asin,gauge_class,gauge_in_scope,gauge_rule_id,gauge_confidence,run_id
202609,US,B000AAMY86,gauge_display,True,MAP,1.00,20261002T123835-dd683fd
202609,US,B004800AHG,gauge_accessory,True,AC-block,0.90,20261002T123835-dd683fd
202609,US,B016MXHF42,gauge_display,True,MAP,1.00,20261002T123835-dd683fd
202609,US,B016MXHGPA,gauge_display,True,MAP,1.00,20261002T123835-dd683fd
202609,US,B017D9MKMG,excluded_non_gauge,False,XN-scanner,0.90,20261002T123835-dd683fd
202609,US,B01BI2PQNY,gauge_display,True,MAP,1.00,20261002T123835-dd683fd
202609,US,B01BIKCM7O,gauge_display,True,MAP,1.00,20261002T123835-dd683fd
202609,US,B01BIKCP1W,gauge_display,True,MAP,1.00,20261002T123835-dd683fd
202609,US,B01ETRJ3ES,excluded_non_gauge,False,MAP,1.00,20261002T123835-dd683fd
202609,US,B01LZ912XQ,excluded_non_gauge,False,XN-clusterrepl,0.90,20261002T123835-dd683fd
202609,US,B01MG2PFUT,excluded_app_dongle,False,XD-dongle,0.90,20261002T123835-dd683fd
202609,US,B01MZ3ZURG,gauge_display,True,MAP,1.00,20261002T123835-dd683fd
202609,US,B01N6XT4Y9,excluded_non_gauge,False,MAP,1.00,20261002T123835-dd683fd
202609,US,B06XWX7FHK,truck_gauge_monitor,True,MAP,1.00,20261002T123835-dd683fd
202609,US,B0749MMXB3,excluded_non_gauge,False,XN-scanner,0.90,20261002T123835-dd683fd
202609,US,B0784PC19Q,ambiguous,False,AMB,0.00,20261002T123835-dd683fd
202609,US,B078C6NMQM,excluded_non_gauge,False,MAP,1.00,20261002T123835-dd683fd
202609,US,B078PLXQN5,excluded_non_gauge,False,XN-scanner,0.90,20261002T123835-dd683fd
202609,US,B07B89HZ1S,excluded_non_gauge,False,XN-scanner,0.90,20261002T123835-dd683fd
202609,US,B07B8B19YF,excluded_non_gauge,False,XN-scanner,0.90,20261002T123835-dd683fd
202609,US,B07B8K3M3G,excluded_non_gauge,False,XN-scanner,0.90,20261002T123835-dd683fd
202609,US,B07CGR1T5T,gauge_display,True,MAP,1.00,20261002T123835-dd683fd
202609,US,B07FFF4457,gauge_display,True,MAP,1.00,20261002T123835-dd683fd
202609,US,B07JBZLRYZ,excluded_non_gauge,False,MAP,1.00,20261002T123835-dd683fd
202609,US,B07MVW5NK8,excluded_non_gauge,False,MAP,1.00,20261002T123835-dd683fd
202609,US,B07MVWW727,excluded_non_gauge,False,MAP,1.00,20261002T123835-dd683fd
202609,US,B07MVXYY81,excluded_non_gauge,False,MAP,1.00,20261002T123835-dd683fd
202609,US,B07MYFRJZ5,excluded_non_gauge,False,MAP,1.00,20261002T123835-dd683fd
202609,US,B07N7CSTFY,excluded_non_gauge,False,XN-cable,0.90,20261002T123835-dd683fd
202609,US,B07PGM6T6B,excluded_non_gauge,False,XN-scanner,0.90,20261002T123835-dd683fd
202609,US,B07QTZN7MW,excluded_non_gauge,False,MAP,1.00,20261002T123835-dd683fd
202609,US,B07QW1KK3W,excluded_non_gauge,False,MAP,1.00,20261002T123835-dd683fd
202609,US,B07QYFMBPR,excluded_non_gauge,False,MAP,1.00,20261002T123835-dd683fd
202609,US,B07R8YWWDZ,excluded_non_gauge,False,MAP,1.00,20261002T123835-dd683fd
202609,US,B07V9X4P5N,excluded_non_gauge,False,XN-cable,0.90,20261002T123835-dd683fd
202609,US,B07YBKRKKC,excluded_non_gauge,False,MAP,1.00,20261002T123835-dd683fd
202609,US,B081TYNCG8,excluded_non_gauge,False,MAP,1.00,20261002T123835-dd683fd
202609,US,B0831QHY7G,excluded_non_gauge,False,XN-clusterrepl,0.90,20261002T123835-dd683fd
202609,US,B084YVST1V,excluded_app_dongle,False,XD-dongle,0.90,20261002T123835-dd683fd
202609,US,B085B14JFZ,excluded_non_gauge,False,MAP,1.00,20261002T123835-dd683fd
202609,US,B087P84G95,excluded_non_gauge,False,MAP,1.00,20261002T123835-dd683fd
202609,US,B087WMGLF1,truck_gauge_monitor,True,MAP,1.00,20261002T123835-dd683fd
202609,US,B0897PDPGH,excluded_non_gauge,False,MAP,1.00,20261002T123835-dd683fd
202609,US,B089LTJTMC,excluded_non_gauge,False,XN-scanner,0.90,20261002T123835-dd683fd
202609,US,B089VKS44X,gauge_display,True,GD-1,0.90,20261002T123835-dd683fd
202609,US,B08F5J9DCN,excluded_non_gauge,False,MAP,1.00,20261002T123835-dd683fd
202609,US,B08FYCGY7V,excluded_non_gauge,False,MAP,1.00,20261002T123835-dd683fd
202609,US,B08GYLXJ1V,obd_hud,True,MAP,1.00,20261002T123835-dd683fd
202609,US,B08KTTCKJ8,excluded_non_gauge,False,MAP,1.00,20261002T123835-dd683fd
202609,US,B08KZBKKCV,excluded_non_gauge,False,XN-scanner,0.90,20261002T123835-dd683fd
202609,US,B08MTGPHTH,obd_hud,True,HO-1,0.90,20261002T123835-dd683fd
202609,US,B08NG6NGBM,obd_hud,True,MAP,1.00,20261002T123835-dd683fd
202609,US,B08NWFGFNG,excluded_non_gauge,False,XN-throttle,0.90,20261002T123835-dd683fd
202609,US,B08NWFYLRQ,ambiguous,False,AMB,0.00,20261002T123835-dd683fd
202609,US,B08NWG8KXG,excluded_non_gauge,False,XN-cable,0.90,20261002T123835-dd683fd
202609,US,B08T75N4QZ,excluded_non_gauge,False,MAP,1.00,20261002T123835-dd683fd
202609,US,B08Y71KW31,excluded_non_gauge,False,MAP,1.00,20261002T123835-dd683fd
202609,US,B08YJLFVW7,tuner_with_gauge_display,True,MAP,1.00,20261002T123835-dd683fd
202609,US,B094TTNPQJ,obd_gps_hud,True,MAP,1.00,20261002T123835-dd683fd
202609,US,B0957S3F3H,obd_gps_hud,True,MAP,1.00,20261002T123835-dd683fd
202609,US,B0957V8VMC,obd_hud,True,HO-1,0.90,20261002T123835-dd683fd
202609,US,B095HKWNPJ,obd_gps_hud,True,HG-1,0.90,20261002T123835-dd683fd
202609,US,B095NKQSYB,excluded_non_gauge,False,XN-scanner,0.90,20261002T123835-dd683fd
202609,US,B097ZSPB3B,obd_hud,True,HO-1,0.90,20261002T123835-dd683fd
202609,US,B099N4WV2Z,gauge_display,True,MAP,1.00,20261002T123835-dd683fd
202609,US,B09H5V56PR,excluded_non_gauge,False,MAP,1.00,20261002T123835-dd683fd
202609,US,B09K6PQ53C,excluded_non_gauge,False,MAP,1.00,20261002T123835-dd683fd
202609,US,B09N6Z16QR,excluded_non_gauge,False,XN-cable,0.90,20261002T123835-dd683fd
202609,US,B09P89BBRR,excluded_non_gauge,False,MAP,1.00,20261002T123835-dd683fd
202609,US,B09Q2PCQHN,excluded_non_gauge,False,XN-cluster,0.90,20261002T123835-dd683fd
202609,US,B09QG3JQHW,excluded_non_gauge,False,XN-scanner,0.90,20261002T123835-dd683fd
202609,US,B09WV1VP2F,obd_gps_hud,True,HG-1,0.90,20261002T123835-dd683fd
202609,US,B09WVW1LS1,excluded_non_gauge,False,MAP,1.00,20261002T123835-dd683fd
202609,US,B09WXDWC9G,excluded_non_gauge,False,XN-clusterrepl,0.90,20261002T123835-dd683fd
202609,US,B09WYZGLW3,excluded_non_gauge,False,MAP,1.00,20261002T123835-dd683fd
202609,US,B09XB6L26X,gauge_display,True,GD-1,0.90,20261002T123835-dd683fd
202609,US,B09ZDNM987,gauge_accessory,True,MAP,1.00,20261002T123835-dd683fd
202609,US,B0B214S8C8,excluded_non_gauge,False,MAP,1.00,20261002T123835-dd683fd
202609,US,B0B2MMYSK7,gauge_accessory,True,MAP,1.00,20261002T123835-dd683fd
202609,US,B0B311NPRZ,gauge_accessory,True,MAP,1.00,20261002T123835-dd683fd
202609,US,B0B3TRR26X,excluded_non_gauge,False,MAP,1.00,20261002T123835-dd683fd
202609,US,B0B3XMDVCD,obd_gps_hud,True,HG-1,0.90,20261002T123835-dd683fd
202609,US,B0B6PZ3S8D,excluded_non_gauge,False,MAP,1.00,20261002T123835-dd683fd
202609,US,B0BFBQZZMC,gauge_display,True,MAP,1.00,20261002T123835-dd683fd
202609,US,B0BFF1S38B,excluded_non_gauge,False,MAP,1.00,20261002T123835-dd683fd
202609,US,B0BFF2RTDF,excluded_non_gauge,False,MAP,1.00,20261002T123835-dd683fd
202609,US,B0BFF5LG3Y,excluded_non_gauge,False,MAP,1.00,20261002T123835-dd683fd
202609,US,B0BFF7WMPW,excluded_non_gauge,False,XN-cable,0.90,20261002T123835-dd683fd
202609,US,B0BM4BX3CD,excluded_non_gauge,False,MAP,1.00,20261002T123835-dd683fd
202609,US,B0BMXHB7CN,excluded_non_gauge,False,XN-scanner,0.90,20261002T123835-dd683fd
202609,US,B0BMXJ5RN9,excluded_non_gauge,False,XN-scanner,0.90,20261002T123835-dd683fd
202609,US,B0BMXK4CJC,excluded_non_gauge,False,XN-scanner,0.90,20261002T123835-dd683fd
202609,US,B0BMXNDRVJ,obd_hud,True,HO-1,0.90,20261002T123835-dd683fd
202609,US,B0BR3RNBVM,obd_hud,True,HO-1,0.90,20261002T123835-dd683fd
202609,US,B0BR9NDLFC,excluded_non_gauge,False,XN-breakout,0.90,20261002T123835-dd683fd
202609,US,B0BVMHVGKW,excluded_non_gauge,False,MAP,1.00,20261002T123835-dd683fd
202609,US,B0BVMJN76M,excluded_non_gauge,False,MAP,1.00,20261002T123835-dd683fd
202609,US,B0BVMMMVZ2,excluded_non_gauge,False,XN-cable,0.90,20261002T123835-dd683fd
202609,US,B0BWFRLQNT,obd_hud,True,HO-1,0.90,20261002T123835-dd683fd
202609,US,B0BYSTRK21,gauge_accessory,True,MAP,1.00,20261002T123835-dd683fd
202609,US,B0BZPBVF3F,obd_hud,True,HO-1,0.90,20261002T123835-dd683fd
202609,US,B0BZPLS7YF,excluded_non_gauge,False,MAP,1.00,20261002T123835-dd683fd
202609,US,B0C2PQ7CNY,excluded_non_gauge,False,MAP,1.00,20261002T123835-dd683fd
202609,US,B0C61MRWR1,excluded_non_gauge,False,MAP,1.00,20261002T123835-dd683fd
202609,US,B0C6HK8QHB,obd_hud,True,HO-1,0.90,20261002T123835-dd683fd
202609,US,B0C6QP44CZ,excluded_non_gauge,False,MAP,1.00,20261002T123835-dd683fd
202609,US,B0C74BG4Z2,gauge_accessory,True,AC-shiftlight,0.90,20261002T123835-dd683fd
202609,US,B0C84SXM31,excluded_non_gauge,False,MAP,1.00,20261002T123835-dd683fd
202609,US,B0C84V61GP,excluded_non_gauge,False,MAP,1.00,20261002T123835-dd683fd
202609,US,B0C8PS6CZX,obd_hud,True,HO-1,0.90,20261002T123835-dd683fd
202609,US,B0CFKSKYDT,obd_hud,True,HO-1,0.90,20261002T123835-dd683fd
202609,US,B0CGH9QNKD,excluded_non_gauge,False,MAP,1.00,20261002T123835-dd683fd
202609,US,B0CGHBKWNG,excluded_non_gauge,False,MAP,1.00,20261002T123835-dd683fd
202609,US,B0CGM9P9LW,obd_gps_hud,True,HG-1,0.90,20261002T123835-dd683fd
202609,US,B0CHFP3XBF,excluded_non_gauge,False,MAP,1.00,20261002T123835-dd683fd
202609,US,B0CHWH5R2Y,excluded_non_gauge,False,MAP,1.00,20261002T123835-dd683fd
202609,US,B0CHWHRJVQ,excluded_non_gauge,False,MAP,1.00,20261002T123835-dd683fd
202609,US,B0CJ6D18H7,obd_gps_hud,True,HG-1,0.90,20261002T123835-dd683fd
202609,US,B0CJMM4RLM,obd_hud,True,HO-1,0.90,20261002T123835-dd683fd
202609,US,B0CKDR2T4C,obd_hud,True,MAP,1.00,20261002T123835-dd683fd
202609,US,B0CLJ9SM1G,excluded_non_gauge,False,MAP,1.00,20261002T123835-dd683fd
202609,US,B0CLNLVC66,obd_hud,True,HO-1,0.90,20261002T123835-dd683fd
202609,US,B0CLYHLM1J,obd_hud,True,HO-1,0.90,20261002T123835-dd683fd
202609,US,B0CM5Z2YRT,excluded_non_gauge,False,MAP,1.00,20261002T123835-dd683fd
202609,US,B0CMD6NH6K,obd_gps_hud,True,HG-1,0.90,20261002T123835-dd683fd
202609,US,B0CN1882HD,obd_hud,True,HO-1,0.90,20261002T123835-dd683fd
202609,US,B0CN2SXB45,excluded_non_gauge,False,MAP,1.00,20261002T123835-dd683fd
202609,US,B0CN9CQH1Q,excluded_app_dongle,False,MAP,1.00,20261002T123835-dd683fd
202609,US,B0CPVNY22H,obd_hud,True,MAP,1.00,20261002T123835-dd683fd
202609,US,B0CR3P1W1Z,obd_hud,True,HO-1,0.90,20261002T123835-dd683fd
202609,US,B0CRD2G581,excluded_non_gauge,False,MAP,1.00,20261002T123835-dd683fd
202609,US,B0CRT7QH1W,obd_hud,True,HO-1,0.90,20261002T123835-dd683fd
202609,US,B0CS5VB5D7,obd_gps_hud,True,MAP,1.00,20261002T123835-dd683fd
202609,US,B0CT39TV55,excluded_app_dongle,False,MAP,1.00,20261002T123835-dd683fd
202609,US,B0CT3HCJ53,excluded_non_gauge,False,MAP,1.00,20261002T123835-dd683fd
202609,US,B0CTQGVTR1,obd_hud,True,HO-1,0.90,20261002T123835-dd683fd
202609,US,B0CTR5V2R7,obd_hud,True,HO-1,0.90,20261002T123835-dd683fd
202609,US,B0CWKJ234K,excluded_non_gauge,False,MAP,1.00,20261002T123835-dd683fd
202609,US,B0CWKJXJ5Q,excluded_non_gauge,False,MAP,1.00,20261002T123835-dd683fd
202609,US,B0CXTFJ3MS,obd_hud,True,HO-1,0.90,20261002T123835-dd683fd
202609,US,B0CXY5DQKV,obd_hud,True,HO-1,0.90,20261002T123835-dd683fd
202609,US,B0CYD8RMFW,obd_hud,True,HO-1,0.90,20261002T123835-dd683fd
202609,US,B0CYPZMZ9B,obd_hud,True,MAP,1.00,20261002T123835-dd683fd
202609,US,B0CYQ53QQC,excluded_non_gauge,False,MAP,1.00,20261002T123835-dd683fd
202609,US,B0D14FGC3K,excluded_non_gauge,False,MAP,1.00,20261002T123835-dd683fd
202609,US,B0D17K9X2P,excluded_non_gauge,False,MAP,1.00,20261002T123835-dd683fd
202609,US,B0D1VMMNY1,excluded_non_gauge,False,MAP,1.00,20261002T123835-dd683fd
202609,US,B0D1VMP22Z,excluded_non_gauge,False,MAP,1.00,20261002T123835-dd683fd
202609,US,B0D2SHD82B,excluded_non_gauge,False,MAP,1.00,20261002T123835-dd683fd
202609,US,B0D3H41DJS,excluded_non_gauge,False,MAP,1.00,20261002T123835-dd683fd
202609,US,B0D3H4JH11,excluded_non_gauge,False,MAP,1.00,20261002T123835-dd683fd
202609,US,B0D4PS6K39,obd_gps_hud,True,MAP,1.00,20261002T123835-dd683fd
202609,US,B0D4QMHF1V,obd_gps_hud,True,HG-1,0.90,20261002T123835-dd683fd
202609,US,B0D4QMHZXR,obd_gps_hud,True,HG-1,0.90,20261002T123835-dd683fd
202609,US,B0D5R7YQGP,gauge_display,True,GD-1,0.90,20261002T123835-dd683fd
202609,US,B0D6KDL4HK,obd_hud,True,HO-1,0.90,20261002T123835-dd683fd
202609,US,B0D8T4TSYR,obd_gps_hud,True,HG-1,0.90,20261002T123835-dd683fd
202609,US,B0D8VWT838,excluded_non_gauge,False,MAP,1.00,20261002T123835-dd683fd
202609,US,B0D93428RL,excluded_non_gauge,False,MAP,1.00,20261002T123835-dd683fd
202609,US,B0D97MF6RL,obd_hud,True,HO-1,0.90,20261002T123835-dd683fd
202609,US,B0DB8G6B1Z,excluded_non_gauge,False,XN-memsaver,0.90,20261002T123835-dd683fd
202609,US,B0DBZ792K2,excluded_non_gauge,False,MAP,1.00,20261002T123835-dd683fd
202609,US,B0DCP2H5SX,obd_hud,True,MAP,1.00,20261002T123835-dd683fd
202609,US,B0DFH2V1V5,excluded_non_gauge,False,MAP,1.00,20261002T123835-dd683fd
202609,US,B0DG4WXPYC,excluded_non_gauge,False,XN-key,0.90,20261002T123835-dd683fd
202609,US,B0DG4YPD3T,excluded_non_gauge,False,XN-key,0.90,20261002T123835-dd683fd
202609,US,B0DGL71X7R,excluded_non_gauge,False,MAP,1.00,20261002T123835-dd683fd
202609,US,B0DHL6GZHC,excluded_non_gauge,False,MAP,1.00,20261002T123835-dd683fd
202609,US,B0DJ26N75T,excluded_non_gauge,False,MAP,1.00,20261002T123835-dd683fd
202609,US,B0DKYVWYJY,excluded_non_gauge,False,XN-scanner,0.90,20261002T123835-dd683fd
202609,US,B0DKZ77M4N,obd_hud,True,HO-kw206,0.90,20261002T123835-dd683fd
202609,US,B0DLZ9CFVQ,tuner_with_gauge_display,True,MAP,1.00,20261002T123835-dd683fd
202609,US,B0DLZFHVLV,tuner_with_gauge_display,True,MAP,1.00,20261002T123835-dd683fd
202609,US,B0DPGM6FRJ,gauge_accessory,True,MAP,1.00,20261002T123835-dd683fd
202609,US,B0DPM16FN1,excluded_non_gauge,False,MAP,1.00,20261002T123835-dd683fd
202609,US,B0DQ124PS9,excluded_non_gauge,False,MAP,1.00,20261002T123835-dd683fd
202609,US,B0DQ8B6NR7,excluded_non_gauge,False,MAP,1.00,20261002T123835-dd683fd
202609,US,B0DWLFFTCF,excluded_non_gauge,False,MAP,1.00,20261002T123835-dd683fd
202609,US,B0DXBT6W5B,excluded_non_gauge,False,XN-clusterrepl,0.90,20261002T123835-dd683fd
202609,US,B0DXDZXSP2,obd_hud,True,HO-1,0.90,20261002T123835-dd683fd
202609,US,B0DY7QQG6L,obd_hud,True,HO-1,0.90,20261002T123835-dd683fd
202609,US,B0DZ6PWNHS,excluded_non_gauge,False,XN-scanner,0.90,20261002T123835-dd683fd
202609,US,B0F2FKNGG4,excluded_non_gauge,False,MAP,1.00,20261002T123835-dd683fd
202609,US,B0F2H6WZZX,obd_gps_hud,True,HG-1,0.90,20261002T123835-dd683fd
202609,US,B0F2MC2JZH,excluded_non_gauge,False,XN-scanner,0.90,20261002T123835-dd683fd
202609,US,B0F2MLBZRQ,excluded_non_gauge,False,MAP,1.00,20261002T123835-dd683fd
202609,US,B0F2RZDXX7,excluded_non_gauge,False,XN-scanner,0.90,20261002T123835-dd683fd
202609,US,B0F2S46JZ5,excluded_non_gauge,False,XN-scanner,0.90,20261002T123835-dd683fd
202609,US,B0F3HWMGLB,excluded_non_gauge,False,XN-scanner,0.90,20261002T123835-dd683fd
202609,US,B0F3XHP8FF,excluded_non_gauge,False,MAP,1.00,20261002T123835-dd683fd
202609,US,B0F5312H4R,gauge_display,True,GD-1,0.90,20261002T123835-dd683fd
202609,US,B0F59ZDT54,obd_hud,True,HO-1,0.90,20261002T123835-dd683fd
202609,US,B0F6DB1BNG,excluded_non_gauge,False,MAP,1.00,20261002T123835-dd683fd
202609,US,B0F6VCNLD7,excluded_non_gauge,False,MAP,1.00,20261002T123835-dd683fd
202609,US,B0F8H9MCNW,excluded_non_gauge,False,MAP,1.00,20261002T123835-dd683fd
202609,US,B0F98Z2M71,obd_hud,True,HO-1,0.90,20261002T123835-dd683fd
202609,US,B0F9F66D1Y,excluded_non_gauge,False,XN-cluster,0.90,20261002T123835-dd683fd
202609,US,B0FDGF57P5,gauge_display,True,MAP,1.00,20261002T123835-dd683fd
202609,US,B0FFB2VX7B,obd_gps_hud,True,HG-1,0.90,20261002T123835-dd683fd
202609,US,B0FFSYJ6F2,obd_hud,True,HO-1,0.90,20261002T123835-dd683fd
202609,US,B0FGD9SLM6,obd_gps_hud,True,HG-1,0.90,20261002T123835-dd683fd
202609,US,B0FGJDRDND,gauge_display,True,GD-1,0.90,20261002T123835-dd683fd
202609,US,B0FJFMDBHT,excluded_non_gauge,False,MAP,1.00,20261002T123835-dd683fd
202609,US,B0FJZFCDYK,excluded_non_gauge,False,MAP,1.00,20261002T123835-dd683fd
202609,US,B0FK18116K,excluded_non_gauge,False,MAP,1.00,20261002T123835-dd683fd
202609,US,B0FKSVB8SQ,excluded_non_gauge,False,XN-scanner,0.90,20261002T123835-dd683fd
202609,US,B0FL6B8CHV,excluded_non_gauge,False,XN-scanner,0.90,20261002T123835-dd683fd
202609,US,B0FLXBL41W,obd_hud,True,HO-1,0.90,20261002T123835-dd683fd
202609,US,B0FN7JX8QZ,obd_gps_hud,True,HG-1,0.90,20261002T123835-dd683fd
202609,US,B0FNN7TF85,truck_gauge_monitor,True,TM-monitor,0.90,20261002T123835-dd683fd
202609,US,B0FNQGZYZR,obd_gps_hud,True,HG-1,0.90,20261002T123835-dd683fd
202609,US,B0FNQH2HWR,obd_hud,True,HO-1,0.90,20261002T123835-dd683fd
202609,US,B0FPF15C9Y,excluded_non_gauge,False,MAP,1.00,20261002T123835-dd683fd
202609,US,B0FPF19DQ9,excluded_non_gauge,False,MAP,1.00,20261002T123835-dd683fd
202609,US,B0FPQL94C6,gauge_accessory,True,MAP,1.00,20261002T123835-dd683fd
202609,US,B0FQ2GFLK4,excluded_non_gauge,False,XN-scanner,0.90,20261002T123835-dd683fd
202609,US,B0FR95FPYW,excluded_non_gauge,False,MAP,1.00,20261002T123835-dd683fd
202609,US,B0FRPN3WLB,gauge_accessory,True,MAP,1.00,20261002T123835-dd683fd
202609,US,B0FSK3MWQV,obd_gps_hud,True,HG-1,0.90,20261002T123835-dd683fd
202609,US,B0FVLW81X1,gauge_accessory,True,MAP,1.00,20261002T123835-dd683fd
202609,US,B0FWKNC2DQ,obd_gps_hud,True,HG-1,0.90,20261002T123835-dd683fd
202609,US,B0FX2QLC17,obd_hud,True,HO-1,0.90,20261002T123835-dd683fd
202609,US,B0FXMCHS5J,obd_hud,True,HO-1,0.90,20261002T123835-dd683fd
202609,US,B0FXR4HPG7,excluded_non_gauge,False,MAP,1.00,20261002T123835-dd683fd
202609,US,B0FXR6T341,excluded_non_gauge,False,MAP,1.00,20261002T123835-dd683fd
202609,US,B0FY6FTRXQ,excluded_non_gauge,False,XN-scanner,0.90,20261002T123835-dd683fd
202609,US,B0G1M6Q1NS,excluded_non_gauge,False,MAP,1.00,20261002T123835-dd683fd
202609,US,B0G252LCC1,obd_gps_hud,True,HG-1,0.90,20261002T123835-dd683fd
202609,US,B0G6YHG8Y2,obd_gps_hud,True,HG-1,0.90,20261002T123835-dd683fd
202609,US,B0GBSPCK9Y,excluded_non_gauge,False,MAP,1.00,20261002T123835-dd683fd
202609,US,B0GBTYWCT8,obd_hud,True,HO-1,0.90,20261002T123835-dd683fd
202609,US,B0GBVLJK3Z,obd_hud,True,HO-1,0.90,20261002T123835-dd683fd
202609,US,B0GBW4F7BL,excluded_non_gauge,False,MAP,1.00,20261002T123835-dd683fd
202609,US,B0GC6RR78D,excluded_non_gauge,False,MAP,1.00,20261002T123835-dd683fd
202609,US,B0GD7HV4QG,excluded_non_gauge,False,XN-scanner,0.90,20261002T123835-dd683fd
202609,US,B0GF7QNGYL,obd_gps_hud,True,HG-1,0.90,20261002T123835-dd683fd
202609,US,B0GFMY6LZN,obd_gps_hud,True,HG-1,0.90,20261002T123835-dd683fd
202609,US,B0GGGDHCQQ,excluded_non_gauge,False,MAP,1.00,20261002T123835-dd683fd
202609,US,B0GGGX9T2N,excluded_non_gauge,False,XN-cable,0.90,20261002T123835-dd683fd
202609,US,B0GGJ2YR1V,obd_hud,True,HO-1,0.90,20261002T123835-dd683fd
202609,US,B0GHQKGQYF,gauge_display,True,GD-1,0.90,20261002T123835-dd683fd
202609,US,B0GHXZ9ZN3,gauge_display,True,GD-1,0.90,20261002T123835-dd683fd
202609,US,B0GNCW4XKM,truck_gauge_monitor,True,MAP,1.00,20261002T123835-dd683fd
202609,US,B0GRLPZNFN,gauge_display,True,GD-1,0.90,20261002T123835-dd683fd
202609,US,B0GS1F35Y9,obd_hud,True,HO-1,0.90,20261002T123835-dd683fd
202609,US,B0GSSJ2MJ9,truck_gauge_monitor,True,TM-monitor,0.90,20261002T123835-dd683fd
202609,US,B0GTC4PV7K,gauge_accessory,True,AC-mount,0.90,20261002T123835-dd683fd
202609,US,B0GTL1CH1L,excluded_non_gauge,False,XN-breakout,0.90,20261002T123835-dd683fd
202609,US,B0GXDQ6FYL,excluded_non_gauge,False,XN-scanner,0.90,20261002T123835-dd683fd
202609,US,B0GXF13L6D,excluded_non_gauge,False,XN-scanner,0.90,20261002T123835-dd683fd
202609,US,B0GXGYJJ5V,gauge_display,True,GD-1,0.90,20261002T123835-dd683fd
202609,US,B0GYF2LB7J,excluded_non_gauge,False,MAP,1.00,20261002T123835-dd683fd
202609,US,B0GYNV88RH,excluded_non_gauge,False,XN-cable,0.90,20261002T123835-dd683fd
202609,US,B0GZC9VPRS,obd_gps_hud,True,HG-1,0.90,20261002T123835-dd683fd
202609,US,B0GZVZF43F,gauge_display,True,GD-1,0.90,20261002T123835-dd683fd
202609,US,B0H13TMTDW,gauge_display,True,GD-1,0.90,20261002T123835-dd683fd
202609,US,B0H1W8P9V8,excluded_non_gauge,False,XN-dashcam,0.90,20261002T123835-dd683fd
202609,US,B0H1WF21DG,excluded_non_gauge,False,MAP,1.00,20261002T123835-dd683fd
202609,US,B0H2DXY73Y,gauge_display,True,GD-1,0.90,20261002T123835-dd683fd
202609,US,B0H2GV45LJ,excluded_non_gauge,False,XN-cable,0.90,20261002T123835-dd683fd
202609,US,B0H2HSDGL3,gauge_display,True,GD-1,0.90,20261002T123835-dd683fd
202609,US,B0H2HSLDBG,gauge_display,True,GD-1,0.90,20261002T123835-dd683fd
202609,US,B0H2V8HQYP,obd_gps_hud,True,HG-1,0.90,20261002T123835-dd683fd
202609,US,B0H45FNKG5,excluded_non_gauge,False,XN-scanner,0.90,20261002T123835-dd683fd
202609,US,B0H715WB5W,obd_hud,True,HO-1,0.90,20261002T123835-dd683fd
202609,US,B0H8G459NC,obd_hud,True,HO-1,0.90,20261002T123835-dd683fd
202609,US,B0H8NSVPRG,obd_gps_hud,True,HG-1,0.90,20261002T123835-dd683fd
202609,US,B0H8P5HYNB,obd_hud,True,HO-1,0.90,20261002T123835-dd683fd
202609,US,B0HBNGFDWV,obd_gps_hud,True,HG-1,0.90,20261002T123835-dd683fd
202609,US,B0HBPBS3XW,obd_gps_hud,True,HG-1,0.90,20261002T123835-dd683fd
202609,US,B0HFQQK8LP,excluded_non_gauge,False,MAP,1.00,20261002T123835-dd683fd
202609,US,B0HJ4MC18X,obd_hud,True,HO-1,0.90,20261002T123835-dd683fd
202609,US,B0HJ4R92BR,obd_hud,True,HO-1,0.90,20261002T123835-dd683fd
