asin,title,brand_display,price,revenue_month,url,proposed_type,type_source,type_rule_id,type_confidence,review_reason,reviewed_type
B0895R2YMM,"Autel TPMS Programming Tool MaxiTPMS TS508WF, TPMS Relearn/Activate/Scan",Autel,313.99,8477.73,https://amazon.ca/dp/B0895R2YMM,Handheld,token_profile,profile:autel,0.5714285714285714,low_confidence,
B0CQ4KRQBH,"ANCEL BM500 OBD2 Scanner for BMW & MINI, Simplified Battery Registration",ANCEL,114.70685714285713,4014.74,https://amazon.ca/dp/B0CQ4KRQBH,Handheld,token_profile,profile:ancel,0.5714285714285714,low_confidence,
B097NDDGYJ,Z Automotive Tazer Programmer Tuner - Compatible with Jeep Grand Cherokee 2014-2021 | Dodge Challenger 2015-2021 | Dodge Charger 2011-2021 | Dodge Durango 2014-2021 | Chrysler 300 2011-2021,Z Automotive,437.6875,3501.5,https://amazon.ca/dp/B097NDDGYJ,Other,default_other,,0.0,default_other,
B08H8TKSW9,ATEQ VT37 TPMS Sensor Activation and Programming Tool - TPMS Reset Tool,ATEQ,371.1933333333333,2227.16,https://amazon.ca/dp/B08H8TKSW9,Other,default_other,,0.0,default_other,
B08QGPX465,2026 LAUNCH Creader Elite V3.0 fit for Mercedes-Benz MB Sprinter Maybach,LAUNCH,288.99857142857144,2022.99,https://amazon.ca/dp/B08QGPX465,Tablet,token_profile,profile:launch,0.5555555555555556,low_confidence,
B09CTZM5Y6,Dan&Dre Newest Tactrix OpenPort 2.0 Tuning Tool Compatible for Subaru/Mitsubishi USB 2.0 Port ECU Flash Tool,Dan&Dre,53.29769230769231,1385.74,https://amazon.ca/dp/B09CTZM5Y6,Other,default_other,,0.0,default_other,
B0BY56FLC2,JHCOME for JD Edl v2 with Advisor Agricultural Tractor Construction equipmentdiagnostic kit Electronic Data Link Tool EDL,JHCOME,891.99,891.99,https://amazon.ca/dp/B0BY56FLC2,Other,default_other,,0.0,default_other,
B01DUB4GVO,MSR90 USB Magnetic Credit Card Reader Stripe Swipe Magstripe Scanner 3 Tracks Mini Smart Card Reader MSR605 MSR606 Deftun,Deftun,31.80833333333333,572.55,https://amazon.ca/dp/B01DUB4GVO,Other,default_other,,0.0,default_other,
162092370X,Clymer Harley-davidson Flh/flt Milwaukee Eight Touring 2017-2019 Repair Manual,Clymer,89.56333333333333,537.38,https://amazon.ca/dp/162092370X,Other,default_other,,0.0,default_other,
B0H2JDHB49,"Syngas OBD2 Fuel Saver Device - Economy Chip Tuning Box for Gasoline Cars, Sync Gas Fuel Saver On Fuel",Generic,31.008666666666667,465.13,https://amazon.ca/dp/B0H2JDHB49,Other,default_other,,0.0,default_other,
B0H55PX1MS,"Fuel Saver Pro, ECO OBD2 Fuel Saver for Benzine Cars, Automobile Power Upgrade Chip Tuning Box, Plug and Drive Automotive Energy Saver Accessories to Minimize Fuel Consumption",qortidn,13.788484848484847,455.02,https://amazon.ca/dp/B0H55PX1MS,Other,default_other,,0.0,default_other,
B0DJ73V15W,LS Gen 3 ECM Engine Programming Control Module Reader Diagnostic,TIKSCIENCE,37.848333333333336,454.18,https://amazon.ca/dp/B0DJ73V15W,Other,default_other,,0.0,default_other,
B0DGCMVZNZ,CNCH-OBD2-1 D & B-Series Engine Wiring Harness Applied for Honda Civic Integra B16 B18 D16 OBD2 Tucked Budget Engine Harness Replacement Parts,HOKZVIATMOTOELECS,87.498,437.49,https://amazon.ca/dp/B0DGCMVZNZ,Other,default_other,,0.0,default_other,
1620920492,Manual 93-11 Ford Ranger P/U Mazdz B Series (94-09),Haynes,54.470000000000006,381.29,https://amazon.ca/dp/1620920492,Other,default_other,,0.0,default_other,
B07VJJ58YH,Rough Country 6 Button Multiple Light Controller for 18-22 Jeep JL/JT - 70964,Rough Country,375.91,375.91,https://amazon.ca/dp/B07VJJ58YH,Other,default_other,,0.0,default_other,
B0GQT874RP,"Pet Microchip Scanner, FDX-B(ISO11784/85) EMID Chip Reader, 500 Datas",Homrich,34.175,341.75,https://amazon.ca/dp/B0GQT874RP,Other,default_other,,0.0,default_other,
B004NL3L7G,Edge Products 98611 EAS EGT Expandable,Edge Products,331.0,331.0,https://amazon.ca/dp/B004NL3L7G,Other,default_other,,0.0,default_other,
B00BR1R8N8,Range Technology Corded Electric Active Fuel Management Disable Device (Blue),Range Technology,282.64,282.64,https://amazon.ca/dp/B00BR1R8N8,Other,default_other,,0.0,default_other,
1563928566,Manual 99-10 Frd Suprduty P/U&Exc,Haynes,44.36000000000001,266.16,https://amazon.ca/dp/1563928566,Other,default_other,,0.0,default_other,
B08NXX2MDY,HOBBYWING OTA Programmer,Hobbywing,86.60666666666667,259.82,https://amazon.ca/dp/B08NXX2MDY,Other,default_other,,0.0,default_other,
B0G1ZR2KHK,"Case for Zebra TC51 TC52 TC52X TC56 TC57 TC57X TC510K TC520 TC520K – Rugged Protective Cover with Strap, Bumper, Boot-Style Holster, Handheld Barcode Scanner Accessory SG-TC51-EXO1-01 (Blue)",Mutelen,35.387142857142855,247.71,https://amazon.ca/dp/B0G1ZR2KHK,Other,default_other,,0.0,default_other,
1620920441,Manual Dodge Grand Caravan & Chrysler Town & Country 08-12,Haynes,38.82333333333333,232.94,https://amazon.ca/dp/1620920441,Other,default_other,,0.0,default_other,
B0GH7NKB3F,PCAN-USB Compatible with IPEH-002022/002021,FTjireyr,57.645,230.58,https://amazon.ca/dp/B0GH7NKB3F,Other,default_other,,0.0,default_other,
B0GWV5L6NQ,"Fukaixiang 2026 Upgraded AFM Disabler, Plug and Play AFM DFM DOD Delete, No ECU Modification, Compatible with Chevy Silverado GMC Sierra Yukon Cadillac Escalade, Fits V6 V8 4.3L 5.3L 6.0L 6.2L Engines",Fukaixiang,95.78,191.56,https://amazon.ca/dp/B0GWV5L6NQ,Other,default_other,,0.0,default_other,
1563925400,Manual 84-01 Jeep Cherokee,Haynes,46.2675,185.07,https://amazon.ca/dp/1563925400,Other,default_other,,0.0,default_other,
B0C8NG4278,Aqxreight 6-Pin to 16-Pin Diagnostic Wiring Harness Adaptor Refit for CAn AM MOTO ATV UTV Bike,aqxreight,22.87857142857143,160.15,https://amazon.ca/dp/B0C8NG4278,Other,default_other,,0.0,default_other,
1563922215,Manual 49-86 Jeep Cj,Haynes,52.88333333333333,158.65,https://amazon.ca/dp/1563922215,Other,default_other,,0.0,default_other,
1620920832,Manual Chev Colorado & Gmc 04-10,Haynes,52.34,157.02,https://amazon.ca/dp/1620920832,Other,default_other,,0.0,default_other,
1563924552,Manual 93-02 Corolla/Geo/Prism,Haynes,50.52,151.56,https://amazon.ca/dp/1563924552,Other,default_other,,0.0,default_other,
B08JVNX8GQ,Geotab HRN-GS16K2 - Universal OBDII T-Harness Kit,Geotab,75.165,150.33,https://amazon.ca/dp/B08JVNX8GQ,Other,default_other,,0.0,default_other,
B0BX9M2B38,"2Pack New Economy Car Petrol Fuel Saver, Universal Plug and Play OBD2 Chip Tuning Box Fuel Saver Devices for Petrol Car Fits Will Work on Most Vehicle That has an OBD2 Port",Legdro,11.512307692307692,149.66,https://amazon.ca/dp/B0BX9M2B38,Other,default_other,,0.0,default_other,
1563921162,Manual 82-93 Chev/Gmc S-Truck,Haynes,49.82,149.46,https://amazon.ca/dp/1563921162,Other,default_other,,0.0,default_other,
B0G1ZDN55M,"Case for Zebra TC51 TC52 TC52X TC56 TC57 TC57X TC510K TC520 TC520K – Rugged Protective Cover with Strap, Bumper, Boot-Style Holster, Handheld Barcode Scanner Accessory SG-TC51-EXO1-01 (Black)",Mutelen,35.0725,140.29,https://amazon.ca/dp/B0G1ZDN55M,Other,default_other,,0.0,default_other,
B0CHNGYRP7,Yunnergo CNCH-OBD2-1 D&B Series Engine Wiring Harness Compatible with Civic,Yunnergo,119.88,119.88,https://amazon.ca/dp/B0CHNGYRP7,Other,default_other,,0.0,default_other,
B0GX25NJLW,"Fukaixiang AFM/DFM/DOD Disabler Plug-In Device compatible with GM V6 & V8 Engines, compatible with Chevy Silverado GMC Sierra Yukon Cadillac Escalade 4.3L 5.3L 6.0L 6.2L",Fukaixiang,115.86,115.86,https://amazon.ca/dp/B0GX25NJLW,Other,default_other,,0.0,default_other,
1563923025,Manual Polaris Atvs 85-97,Haynes,57.1,114.2,https://amazon.ca/dp/1563923025,Other,default_other,,0.0,default_other,
B0DFHRKB2L,OBD Protector - OBD2 Anti-Theft Lock – Vehicle Security/Prevents Access to Diagnostic Port – Made in Canada,Generic,16.295714285714286,114.07,https://amazon.ca/dp/B0DFHRKB2L,Other,default_other,,0.0,default_other,
B0GMK8L3SB,"OBD Port Locking Tool, Anti Theft Security Lock for Cars",Eujgoov,32.57666666666667,97.73,https://amazon.ca/dp/B0GMK8L3SB,Other,default_other,,0.0,default_other,
B0B3GDTWYM,Aramox 12‑24V Universal Car Fuel Economy Tuning Box with Switch ECO OBD2 Plug Drive Chip Energy Fuel Saver,Aramox,18.184,90.92,https://amazon.ca/dp/B0B3GDTWYM,Other,default_other,,0.0,default_other,
B000UOHUF4,"Haynes Publications, Inc. 25027 Manuel de réparation",Haynes,81.51,81.51,https://amazon.ca/dp/B000UOHUF4,Other,default_other,,0.0,default_other,
B0DHGVLKFZ,2024 2025 2026 Can Am Maverick R Screen Protector HD Tempered Glass 2 Piece,YEE PIN,25.206666666666667,75.62,https://amazon.ca/dp/B0DHGVLKFZ,Other,default_other,,0.0,default_other,
B000CMJM1Y,Manual Mustang 79-93/Capri 79-86,Haynes,75.22,75.22,https://amazon.ca/dp/B000CMJM1Y,Other,default_other,,0.0,default_other,
B004AESGBC,Haynes Manuals 2662 Manual YAM YZ 2/STR 86-06,Haynes,68.41,68.41,https://amazon.ca/dp/B004AESGBC,Other,default_other,,0.0,default_other,
B0C15C58X6,Fuel Saver OBD2 Universal for Benzine Economy Gasoline Fuel Saver Tuning Box Chip for Petrol Car,KIMISS,15.7,62.8,https://amazon.ca/dp/B0C15C58X6,Other,default_other,,0.0,default_other,
156392188X,Manual Gm-Ford Diesel Eng.Manual,Haynes,62.65,62.65,https://amazon.ca/dp/156392188X,Other,default_other,,0.0,default_other,
1563923521,Manual Dge Dakota & Durango 97-99,Haynes,59.0,59.0,https://amazon.ca/dp/1563923521,Other,default_other,,0.0,default_other,
B0D66KPJHP,WIKIBB OBD II Port Lock OBD 2 Port-Lock Car Diagnostic Port Protector,WIKIBB,29.095,58.19,https://amazon.ca/dp/B0D66KPJHP,Other,default_other,,0.0,default_other,
B0007N1L8A,Manual Honda Odyssey 99-10,Wincraft,56.69,56.69,https://amazon.ca/dp/B0007N1L8A,Other,default_other,,0.0,default_other,
1850100500,"Mazda RX-7, GS, GSL & GSL-SE 1979 thru 1985 Haynes Repair Manual",Haynes,53.95,53.95,https://amazon.ca/dp/1850100500,Other,default_other,,0.0,default_other,
B0FRMTSRJX,"KZYEE Timing Light Case, Hard EVA Carrying Case for KT60 and KT80",KZYEE,53.61,53.61,https://amazon.ca/dp/B0FRMTSRJX,Other,default_other,,0.0,default_other,
B0D1GV6N8G,Smoostart Microchip Scanner Compatible with FDX-B/EMID (15/10) Microchip,Smoostart,53.09,53.09,https://amazon.ca/dp/B0D1GV6N8G,Other,default_other,,0.0,default_other,
B0CYLWB9NC,"2025 Palisade Screen Protector for 2023 2024 2025 Hyundai Palisade (SE, SEL, XRT, Limited, Calligraphy) 12.3” Main Screen Cover Infotainment Protector Screen Saver Palisade Accessories Kit 7 Pack",YEE PIN,26.3,52.6,https://amazon.ca/dp/B0CYLWB9NC,Other,default_other,,0.0,default_other,
1563926121,Manual OBD-Ii & Electronic Engine Management 96 & Later,Haynes,37.98,37.98,https://amazon.ca/dp/1563926121,Other,default_other,,0.0,default_other,
B0BND3L36G,"Universal Fuel Economy Chip Tuning Box,OBD2 12‑24V ABS ECO Energy Fuel Saver with Switch for Cars",Keenso,18.925,37.85,https://amazon.ca/dp/B0BND3L36G,Other,default_other,,0.0,default_other,
B06XJ6GQZX,bbfly VINT-TT55502 ELMconfig USB Modified for All Windows FORScans HS-CAN/MS-CAN,bbfly,36.48,36.48,https://amazon.ca/dp/B06XJ6GQZX,Other,default_other,,0.0,default_other,
B0F1N61KT3,YEE PIN Compatible with Autel MS906 MAX Screen Protector Tempered Glass Scan Protector for Autel Elite/MS909C/MS909CEV 10.1-Inch LCD Display Diagnostic Scanner Accessories,YEE PIN,35.18,35.18,https://amazon.ca/dp/B0F1N61KT3,Other,default_other,,0.0,default_other,
B0BNGNSCZY,"OBDII Protocol Detector, Multifunctional Fast Detection 16 Pin Diagnostic Breakout Box Convenient for Vehicles Diagnostic",TANM,31.73,31.73,https://amazon.ca/dp/B0BNGNSCZY,Other,default_other,,0.0,default_other,
B0DRFLSN4S,JUTA OBD Lock OBDII Socket Locking Device Vehicle OBD Port Protection - Blue,JUTA,30.39,30.39,https://amazon.ca/dp/B0DRFLSN4S,Other,default_other,,0.0,default_other,
B0CYSX64KJ,YEE PIN Ram Screen Protector for 2024 2025 Ram 1500 Longhorn 12'' Ram 1500 2500 3500 Big Horn/Laramie/Limited Longhorn/TRX/Rebel/Limited/Tradesman/Power Wagon 2019-2025 Screen Cover Guard 2 Pack,YEE PIN,26.93,26.93,https://amazon.ca/dp/B0CYSX64KJ,Other,default_other,,0.0,default_other,
B0C53X63N7,Car ECU Flashing Tool ECU Programmer Improve BHP Power OBDII Compatible ECU Flashing Chip Tuning Tool,Aramox,24.43,24.43,https://amazon.ca/dp/B0C53X63N7,Other,default_other,,0.0,default_other,
B0CYSXZ8NH,YEE PIN Screen Protector for 2021-2024 Chevy Suburban Accessories LT/RST/Premier/Z71/High Country/LS 4WD 12.6 Inch Rear Entertainment Touch Screen Cover,YEE PIN,23.87,23.87,https://amazon.ca/dp/B0CYSXZ8NH,Other,default_other,,0.0,default_other,
B0CH2B6Q9Z,16Pin OBD2 ECO Chip Tuning Box Enhance Horsepower Torque Fuel Saver Efficient Universal Power Tuning Programmer OBD2 Chip Tuner for 12‑24V Automotive,aqxreight,18.6,18.6,https://amazon.ca/dp/B0CH2B6Q9Z,Other,default_other,,0.0,default_other,
B0H1QDFQNS,"2 Pack Hydrogel Screen Protector for TOPDON ArtiDiag500 OBD2 Scanner, ELECTRO-WEIDEWORLD Anti-Scratch High Definition Soft Screen Protector for TOPDON ArtiDiag 500",ELECTRO-WEIDEWORLD,17.97,17.97,https://amazon.ca/dp/B0H1QDFQNS,Other,default_other,,0.0,default_other,
B0FG7MM3FV,"GELRHONR OBD Interface Protector Cover, OBD2 Port Protective Sleeve Cap, Dustproof Waterproof Silicone OBDII Socket for Truck, SUV, RV and All Vehicle, 5 Pack",GELRHONR,7.69,15.38,https://amazon.ca/dp/B0FG7MM3FV,Other,default_other,,0.0,default_other,
B0C27B1DDT,"ECO OBD2 Drive Chip, OBD2 ECO Fuel Save Power Chip Tuning Box 15% Green ABS Universal for Cars Since 1996",Keenso,14.62,14.62,https://amazon.ca/dp/B0C27B1DDT,Other,default_other,,0.0,default_other,
B09T6SZ3ZJ,"Gas Fuel Saver,Eco Economy Fuel Saver OBD OBDⅡ Tuning Box Chip for Petrol Car Gasoline Saving Green",Zwbfu,7.58,7.58,https://amazon.ca/dp/B09T6SZ3ZJ,Other,default_other,,0.0,default_other,
0856967114,"Kawasaki KZ400 and 440 Twins Owners Workshop Manual, No. 281: '74-'81",Haynes,77.84,0.0,https://amazon.ca/dp/0856967114,Other,default_other,,0.0,default_other,
1563923319,Manual 98-02 Honda Accord,Haynes,83.52,0.0,https://amazon.ca/dp/1563923319,Other,default_other,,0.0,default_other,
1563924498,Manual Nissan Altima 93-06,Haynes,51.79,0.0,https://amazon.ca/dp/1563924498,Other,default_other,,0.0,default_other,
1563924536,Haynes Chevrolet Sprint Geo and Chevrolet Metro 1985-2001,Haynes,85.26,0.0,https://amazon.ca/dp/1563924536,Other,default_other,,0.0,default_other,
1563927403,Manual 03-11 Honda Accord,Haynes,56.41,0.0,https://amazon.ca/dp/1563927403,Other,default_other,,0.0,default_other,
1563928493,Manual Honda 01-10 Civic / 02-09 Cr-V,Cengage Learning,63.53,0.0,https://amazon.ca/dp/1563928493,Other,default_other,,0.0,default_other,
1620920840,Manual 99-08 Hyun Sonata,Haynes,71.41,0.0,https://amazon.ca/dp/1620920840,Other,default_other,,0.0,default_other,
B0002JMHWI,"Haynes Publications, Inc. 36094 Manuel de réparation",Haynes,33.99,0.0,https://amazon.ca/dp/B0002JMHWI,Other,default_other,,0.0,default_other,
B000GTXPO8,Clymer CM4213: Repair Manual Harley Fx/Fl Softtail,Clymer,96.76,0.0,https://amazon.ca/dp/B000GTXPO8,Other,default_other,,0.0,default_other,
B000GTZMUS,Clymer Honda Twins 250-350cc Manual M322,Clymer,72.03,0.0,https://amazon.ca/dp/B000GTZMUS,Other,default_other,,0.0,default_other,
B000H01JQ2,Clymer CM425-3 Black One Size Software,Clymer,81.98,0.0,https://amazon.ca/dp/B000H01JQ2,Other,default_other,,0.0,default_other,
B00BMX25WK,Crimestopper Thar-GM3 EVO-All T-Harness Combo kit,Crimestopper,69.95,0.0,https://amazon.ca/dp/B00BMX25WK,Other,default_other,,0.0,default_other,
B012RSCUK0,CDI Electronics 531-0119I4 M.E.D.S. Marine Engine Diagnostic System Upgrade/Add-On-MEFI 1-4 Gas Inboards,CDI Electronics,1268.07,0.0,https://amazon.ca/dp/B012RSCUK0,Other,default_other,,0.0,default_other,
B01DPHKGDU,HQRP Battery for Mac Mentor 239180 & PRO Scan Scanner Diagnostic Service Tool,HQRP,27.95,0.0,https://amazon.ca/dp/B01DPHKGDU,Other,default_other,,0.0,default_other,
B01N543GPO,Superchips 3545 Flash Cal Calibration Tool,Superchips,299.95,0.0,https://amazon.ca/dp/B01N543GPO,Other,default_other,,0.0,default_other,
B0767QS8W3,Konexial My20 ELD (Electronic Logging Device),Konexial,304.23,0.0,https://amazon.ca/dp/B0767QS8W3,Other,default_other,,0.0,default_other,
B078NP9MQP,Auto Mechanics Stethoscope Car Engine Block Diagnostic Automotive Hearing Tool,HMCOF,20.7,0.0,https://amazon.ca/dp/B078NP9MQP,Other,default_other,,0.0,default_other,
B07JWFJ6DH,Diesel Laptops 9-Pin to 9-Pin for CAT Off Highway Equipment,Diesel Laptops,100.38,0.0,https://amazon.ca/dp/B07JWFJ6DH,Other,default_other,,0.0,default_other,
B07KG1BB11,"RLSOCO Case for Ancel AD310/AD410/VD500 Pro, MOTOPOWER MP69040, ZMOON ZM201, FOXWELL NT301 Enhanced OBD2 Scanner, Hard Protective Storage, Dust- and Water-Resistant - Black (Cover Only)",RLSOCO,26.99,0.0,https://amazon.ca/dp/B07KG1BB11,Other,default_other,,0.0,default_other,
B07L8W2856,SMART SENSOR 17-144 XS Pro+ Sensor Programming Tool TPMS Programmer,SMART SENSOR,329.39,0.0,https://amazon.ca/dp/B07L8W2856,Other,default_other,,0.0,default_other,
B07QG1NNS1,"Mokylor 3PACK Car Petrol Fuel Saver,EcoOBD2 Plug and Drive EcoOBD2 Chip Tuning Box,Economy Tuning Box for Economy and Lower Emission",Mokylor,13.58,0.0,https://amazon.ca/dp/B07QG1NNS1,Other,default_other,,0.0,default_other,
B07S9CGVV6,elm327 USB Switch Android OBD Modified elmconfig with FTDI chip HS-CAN/MS-CAN OBD2,AntiBreak,26.99,0.0,https://amazon.ca/dp/B07S9CGVV6,Other,default_other,,0.0,default_other,
B07VS478FJ,"Vehicle Loop Detector, Single Channel Loop Detector PD132 Car Detector Car Parking Lot Inductive Vehicle Detector",Yanmis,24.63,0.0,https://amazon.ca/dp/B07VS478FJ,Other,default_other,,0.0,default_other,
B083ZJPTR4,"Code Change Tool Kit, Simplex (2 Pieces)",Simplex,60.11,0.0,https://amazon.ca/dp/B083ZJPTR4,Other,default_other,,0.0,default_other,
B08CBW1343,"Autel TS508WF TPMS Programming Tool, 2026 Updated Ver. of TS508/TS601, Program MX-Sersors 315/433MHz, Relearn/Activate All Sensors, TPMS Relearn Tool Read/Clear DTCs, TPMS Reset, Lifetime Update",Autel,349.0,0.0,https://amazon.ca/dp/B08CBW1343,Other,default_other,,0.0,default_other,
B08W46D8HG,Compatible for Autel Ms906 Pro/Mk906 Pro Tempered Glass Screen Protector,JMREOIMS,42.98,0.0,https://amazon.ca/dp/B08W46D8HG,Other,default_other,,0.0,default_other,
B08YRYP6P4,Professional ECU Programmer No Tokens Needed Upgrade Tool for Car Trucks Tractors,Ymiko,105.77,0.0,https://amazon.ca/dp/B08YRYP6P4,Other,default_other,,0.0,default_other,
B09TK8X25Y,"Autel MaxiTPMS TS508WF TPMS Relearn Tool, Upgrade of TS508 / TS408 TPMS Tool, Activate/Relearn All Sensors, Program Autel Sensors, TPMS Reset/Diagnosis, Read/Clear TPMS Code, Free Lifetime Update",Autel,334.0,0.0,https://amazon.ca/dp/B09TK8X25Y,Other,default_other,,0.0,default_other,
B09WZ8XF1L,"AutoMeter - OBD-II Data Module, CAN Bridge",AutoMeter,520.74,0.0,https://amazon.ca/dp/B09WZ8XF1L,Other,default_other,,0.0,default_other,
B09ZQT5YDK,OBD Auto Window Closer & Power Folding Mirror Kit for Lexus GX460 2010-2019,Forten Kingdom,78.0,0.0,https://amazon.ca/dp/B09ZQT5YDK,Other,default_other,,0.0,default_other,
B0B1WXW89B,ANCEL Large Hard Protective Case Waterproof Shockproof Eva Bag Storage Box for S100 S1000 S3000 HD3100PRO HD3200 HD3300 HD3600 Smoke Machine Leak Detector Heavy Truck Scanner Series,ANCEL,64.22,0.0,https://amazon.ca/dp/B0B1WXW89B,Other,default_other,,0.0,default_other,
B0BGFMGH7D,ECU Programmer ECU Chip Tuning Tool Module 67 Checksum Correction Stable Heavy Duty Performance For Car US Plug 100‑240V,Tudin,139.48,0.0,https://amazon.ca/dp/B0BGFMGH7D,Other,default_other,,0.0,default_other,
B0BKFPVTXT,"1747-CP3 RS232 Interface SLC5/03, 5/04, 5/05 Programming line Download line",N/a,136.83,0.0,https://amazon.ca/dp/B0BKFPVTXT,Other,default_other,,0.0,default_other,
B0BVPP19VB,Floahazz 1 Metal Ch341A Programmer V1.7 1.8V Level Shift W25Q64Fw W25Q128Fw Gd25Lq64 Parts,Floahazz,26.13,0.0,https://amazon.ca/dp/B0BVPP19VB,Other,default_other,,0.0,default_other,
B0BVRBZ1SR,Plauauyt KTAG V7.020 V2.23 Chip Tuning Tool Programming Tool Kit Master Version with,Plauauyt,74.15,0.0,https://amazon.ca/dp/B0BVRBZ1SR,Other,default_other,,0.0,default_other,
B0C637VXSB,"Car Obd2 Activation Tool Drivemo,Car OBD Activator Activation Tool Fit for NTG5S1 A/B/CLA/GLA/GLE/CLS Series",Naroote,10.99,0.0,https://amazon.ca/dp/B0C637VXSB,Other,default_other,,0.0,default_other,
B0C7KRS33D,MISIOEK Engine Harness for Honda Civic Integra B16 B18 D16 Tucked Budget D B-Series,MISIOEK,177.98,0.0,https://amazon.ca/dp/B0C7KRS33D,Other,default_other,,0.0,default_other,
B0CBJM59RW,Eco Economy Fuel Saver OBD OBDⅡ Tuning Box Chip for Petrol Car Gasoline Saving Green,EIYEI,12.99,0.0,https://amazon.ca/dp/B0CBJM59RW,Other,default_other,,0.0,default_other,
B0CHP8G8ZK,for Automotive Car Maintenance Repair Instrument Diagnostic OBD2 Airbags Fault Memory Eraser Collision Data Reset Tool Airbags Reset Tool Crash Data Reset Tool Obd2 Maintenance Lamps Reset Tool and,Bottone,41.37,0.0,https://amazon.ca/dp/B0CHP8G8ZK,Other,default_other,,0.0,default_other,
B0CTCVR93K,OBDCAR AFM/DFM Disabler Active Fuel Management Disabler AFM Disabler Compatible with V6 & V8 GM Motors,OBDCAR,80.74,0.0,https://amazon.ca/dp/B0CTCVR93K,Other,default_other,,0.0,default_other,
B0CZPZJTTZ,HEYZAKKA BDM Frame for BDM100 FGTECH KTAG Kess Automotive Read and Write Frame for KTAG Kess V5.017 Chip Tunning Programming Chip Tunings Tool,HEYZAKKA,38.85,0.0,https://amazon.ca/dp/B0CZPZJTTZ,Other,default_other,,0.0,default_other,
B0DP7GL762,tesrgre Online 2.80 EU Kess V5.017 No Token KTAG .020 2.25 K-Tag 4 LED BDM Framework OBD2 Manager Tuning Kit ECU Programmer,tesrgre,53.97,0.0,https://amazon.ca/dp/B0DP7GL762,Other,default_other,,0.0,default_other,
B0F1LKW42G,"OBD Cover Lock | Waterproof OBD Port Lock Anti-Theft Protector | Protective Silicone Sleeve for Industrial & Scientific, Vehicle Repair",Generic,8.29,0.0,https://amazon.ca/dp/B0F1LKW42G,Other,default_other,,0.0,default_other,
B0F1LLVNMW,"OBD Port Lock,Waterproof OBD Port Lock Anti-Theft Protector - Silicone Protective Auto Security Device for Industrial & Scientific Variety of Models",Generic,9.63,0.0,https://amazon.ca/dp/B0F1LLVNMW,Other,default_other,,0.0,default_other,
B0F1LMH6TS,"OBD Port Lock, Waterproof Automotive Parts, Silicone Protective Sleeve for Variety of Models Automotive",Generic,8.28,0.0,https://amazon.ca/dp/B0F1LMH6TS,Other,default_other,,0.0,default_other,
B0F1QHGYXM,OBD Port Lock Anti Theft Protector | Waterproof OBD Port Lock Anti-Theft Protector - Silicone Protective Sleeve for Variety of Models Automotive,Generic,5.59,0.0,https://amazon.ca/dp/B0F1QHGYXM,Other,default_other,,0.0,default_other,
B0F1Y3P1MF,OBD Port Lock Protective Waterproof Silicone Sleeve Flexible,Generic,5.59,0.0,https://amazon.ca/dp/B0F1Y3P1MF,Other,default_other,,0.0,default_other,
B0F8DHH73X,"DO907OBD Multifunctional Race Display, OBD2 with LCD Screen, Accurate Real Time Monitoring for All 12V Vehicles, Brightness Display, Simple Installation",Bognajin,193.39,0.0,https://amazon.ca/dp/B0F8DHH73X,Other,default_other,,0.0,default_other,
B0FCGSYT28,OBD Port Lock - Automobile OBD Cover - Silicone Waterproof Dustproof Secure Vibration-Resistant Parts for Long Trip,Generic,6.56,0.0,https://amazon.ca/dp/B0FCGSYT28,Other,default_other,,0.0,default_other,
B0G1M3C1LJ,ORIVIN OBD2 Port Anti-Theft Lockout Tool RED OBD Port Protector for Cars SUVs Trucks obd2 Lock Anti Theft Protector,ORIVIN,59.15,0.0,https://amazon.ca/dp/B0G1M3C1LJ,Other,default_other,,0.0,default_other,
B0GJSNRB2T,1pcs MPPS V18 Unlock Version Use with Breakout Tricore Multi-Languages OBD2 ECU Tunning Flasher Remap,HYAWVCBL,45.52,0.0,https://amazon.ca/dp/B0GJSNRB2T,Other,default_other,,0.0,default_other,
B0GKGGJH6X,"Fauitay OBD2 Port Lock, Metal OBD II Port Locking Tool Anti Theft Protector for Cars SUVs Trucks, with Dedicated Removal Tool Prevents Unauthorized Access",Fauitay,35.69,0.0,https://amazon.ca/dp/B0GKGGJH6X,Other,default_other,,0.0,default_other,
B0H1QBLV5P,"2 Pack Hydrogel Screen Protector for TOPDON ArtiDiag600 Pro OBD2 Scanner, ELECTRO-WEIDEWORLD Anti-Scratch High Definition Screen Protector for TOPDON ArtiDiag 600 Pro",ELECTRO-WEIDEWORLD,14.99,0.0,https://amazon.ca/dp/B0H1QBLV5P,Other,default_other,,0.0,default_other,
B0H1R7BFG6,"AFM DFM Disabler for V6/V8 GM, Keep Full V6/V8 Power (Smart Auto-Sleep)",FOSAJIK,79.99,0.0,https://amazon.ca/dp/B0H1R7BFG6,Other,default_other,,0.0,default_other,
B0H2HWMLD2,2-Pack Car Performance Upgrade & Fuel-Saving Tuning Chips — Plug-and-Play Energy-Saving Devices for Gasoline Vehicles (Ideal for Daily Commuting) — Green & Blue,Depehelp,11.99,0.0,https://amazon.ca/dp/B0H2HWMLD2,Other,default_other,,0.0,default_other,
B0HD73991F,2026 LAUNCH Creader Elite for Mercedes-Benz MB Sprinter Maybach,LAUNCH,199.0,0.0,https://amazon.ca/dp/B0HD73991F,Tablet,token_profile,profile:launch,0.5,low_confidence,
